-- phpMyAdmin SQL Dump
-- version 5.0.4
-- https://www.phpmyadmin.net/
--
-- Host: localhost
-- Waktu pembuatan: 17 Mar 2024 pada 17.19
-- Versi server: 10.4.16-MariaDB
-- Versi PHP: 7.4.12

SET SQL_MODE = "NO_AUTO_VALUE_ON_ZERO";
START TRANSACTION;
SET time_zone = "+00:00";


/*!40101 SET @OLD_CHARACTER_SET_CLIENT=@@CHARACTER_SET_CLIENT */;
/*!40101 SET @OLD_CHARACTER_SET_RESULTS=@@CHARACTER_SET_RESULTS */;
/*!40101 SET @OLD_COLLATION_CONNECTION=@@COLLATION_CONNECTION */;
/*!40101 SET NAMES utf8mb4 */;

--
-- Database: `prettywell_coba`
--

-- --------------------------------------------------------

--
-- Struktur dari tabel `barang`
--

CREATE TABLE `barang` (
  `idBarang` int(10) UNSIGNED NOT NULL,
  `kode` varchar(20) DEFAULT NULL,
  `nama` varchar(30) DEFAULT NULL,
  `jenis` varchar(20) DEFAULT NULL,
  `satuan` varchar(20) DEFAULT NULL,
  `stok` varchar(10) DEFAULT NULL,
  `harga_jual` varchar(30) DEFAULT NULL,
  `harga_beli` varchar(30) DEFAULT NULL,
  `harga_jual_paket_1` varchar(45) DEFAULT NULL,
  `harga_jual_paket_2` varchar(45) DEFAULT NULL,
  `harga_jual_paket_3` varchar(45) DEFAULT NULL
) ENGINE=InnoDB DEFAULT CHARSET=latin1;

--
-- Dumping data untuk tabel `barang`
--

INSERT INTO `barang` (`idBarang`, `kode`, `nama`, `jenis`, `satuan`, `stok`, `harga_jual`, `harga_beli`, `harga_jual_paket_1`, `harga_jual_paket_2`, `harga_jual_paket_3`) VALUES
(9, 'BRG001', 'CeraMON Barrier Moistfull Gel ', 'Moisturizer', 'Pcs', '488', '58000', '34755', '44000', '43500', '43000');

-- --------------------------------------------------------

--
-- Struktur dari tabel `customer`
--

CREATE TABLE `customer` (
  `id` int(11) UNSIGNED NOT NULL,
  `kode` varchar(20) DEFAULT NULL,
  `nama` varchar(30) DEFAULT NULL,
  `alamat` varchar(64) DEFAULT NULL,
  `no_telp` varchar(15) DEFAULT NULL,
  `email` varchar(20) DEFAULT NULL,
  `tipe_cust` varchar(20) DEFAULT NULL
) ENGINE=InnoDB DEFAULT CHARSET=latin1;

--
-- Dumping data untuk tabel `customer`
--

INSERT INTO `customer` (`id`, `kode`, `nama`, `alamat`, `no_telp`, `email`, `tipe_cust`) VALUES
(1, 'CUST001', 'Husna', 'Desa Krenceng RT 01 RW 01, Kec. Kepung Kab. Kediri', '081234654212', 'husna@mail.com', 'Customer Biasa'),
(7, 'CUST002', 'Rezy Andrean Rosyidin', 'Garon RT 21 RW 04 Balerejo', '081234654212', 'rezzyandrean@gmail.c', NULL);

-- --------------------------------------------------------

--
-- Struktur dari tabel `data_pembelian`
--

CREATE TABLE `data_pembelian` (
  `idDataPembelian` int(11) UNSIGNED NOT NULL,
  `id_supplier` int(11) UNSIGNED NOT NULL,
  `kodeTransaksiPembelian` varchar(20) DEFAULT NULL,
  `jenis_pembelian` varchar(30) NOT NULL,
  `tanggal` date DEFAULT NULL,
  `no_bukti` varchar(20) DEFAULT NULL,
  `bayar` varchar(20) DEFAULT NULL,
  `ppn` varchar(20) DEFAULT NULL,
  `total` varchar(50) NOT NULL
) ENGINE=InnoDB DEFAULT CHARSET=latin1;

-- --------------------------------------------------------

--
-- Struktur dari tabel `data_penjualan`
--

CREATE TABLE `data_penjualan` (
  `idDataPenjualan` int(11) UNSIGNED NOT NULL,
  `id_customer` int(11) UNSIGNED NOT NULL,
  `kodeTransaksiPenjualan` varchar(60) NOT NULL,
  `tanggal` date DEFAULT NULL,
  `nama_customer` varchar(32) DEFAULT NULL,
  `no_bukti_transaksi` varchar(20) DEFAULT NULL,
  `bayar` varchar(20) DEFAULT NULL,
  `ppn` varchar(20) DEFAULT NULL,
  `total` varchar(50) NOT NULL
) ENGINE=InnoDB DEFAULT CHARSET=latin1;

--
-- Dumping data untuk tabel `data_penjualan`
--

INSERT INTO `data_penjualan` (`idDataPenjualan`, `id_customer`, `kodeTransaksiPenjualan`, `tanggal`, `nama_customer`, `no_bukti_transaksi`, `bayar`, `ppn`, `total`) VALUES
(73, 1, 'TR-PJ-01-12012023', '2023-01-12', '', NULL, '528000', '0', '528000');

-- --------------------------------------------------------

--
-- Struktur dari tabel `gudang_masuk`
--

CREATE TABLE `gudang_masuk` (
  `id` int(11) NOT NULL,
  `no_terima` varchar(100) DEFAULT NULL,
  `no_pesanan` varchar(100) NOT NULL,
  `no_penempatan` varchar(100) DEFAULT NULL,
  `transaksi` varchar(50) DEFAULT NULL,
  `qty_total` float DEFAULT NULL,
  `qty_progres` float DEFAULT NULL,
  `user` varchar(100) DEFAULT NULL,
  `waktu` datetime DEFAULT NULL
) ENGINE=InnoDB DEFAULT CHARSET=utf8mb4;

--
-- Dumping data untuk tabel `gudang_masuk`
--

INSERT INTO `gudang_masuk` (`id`, `no_terima`, `no_pesanan`, `no_penempatan`, `transaksi`, `qty_total`, `qty_progres`, `user`, `waktu`) VALUES
(1, 'BIL-00000001', 'PB-00000001', 'PUT-00000001', 'In', 300, 300, 'admin', '2023-07-18 17:37:05'),
(2, 'BIL-00000002', 'RJ-00000001', 'PUT-00000004', 'In', 20, 20, 'admin', '2023-07-26 15:23:37'),
(3, 'BIL-00000003', 'PB-00000002', 'PUT-00000002', 'In', 3000, 3000, 'admin', '2023-07-26 15:26:05'),
(4, 'BIL-00000004', 'PB-00000003', 'PUT-00000003', 'In', 200, 200, 'admin', '2023-07-26 16:21:14');

-- --------------------------------------------------------

--
-- Struktur dari tabel `jurnal_pembelian`
--

CREATE TABLE `jurnal_pembelian` (
  `id` int(11) UNSIGNED NOT NULL,
  `id_data_pembelian` int(11) UNSIGNED NOT NULL,
  `id_perkiraan_akun` int(11) UNSIGNED NOT NULL,
  `debit` varchar(150) DEFAULT NULL,
  `kredit` varchar(150) DEFAULT NULL
) ENGINE=InnoDB DEFAULT CHARSET=latin1;

-- --------------------------------------------------------

--
-- Struktur dari tabel `jurnal_penjualan`
--

CREATE TABLE `jurnal_penjualan` (
  `id` int(11) UNSIGNED NOT NULL,
  `id_data_penjualan` int(11) UNSIGNED NOT NULL,
  `id_perkiraan_akun` int(11) UNSIGNED NOT NULL,
  `debit` varchar(150) NOT NULL,
  `kredit` varchar(150) NOT NULL
) ENGINE=InnoDB DEFAULT CHARSET=latin1;

--
-- Dumping data untuk tabel `jurnal_penjualan`
--

INSERT INTO `jurnal_penjualan` (`id`, `id_data_penjualan`, `id_perkiraan_akun`, `debit`, `kredit`) VALUES
(117, 73, 5, '528000', '0'),
(118, 73, 10, '0', '528000'),
(119, 73, 11, '0', '');

-- --------------------------------------------------------

--
-- Struktur dari tabel `jurnal_penyesuaian`
--

CREATE TABLE `jurnal_penyesuaian` (
  `id` int(11) UNSIGNED NOT NULL,
  `id_perkiraan_akun` int(11) UNSIGNED NOT NULL,
  `kode_transaksi` varchar(20) DEFAULT NULL,
  `tanggal` date DEFAULT NULL,
  `keterangan` varchar(32) DEFAULT NULL,
  `debit` varchar(20) DEFAULT NULL,
  `kredit` varchar(20) DEFAULT NULL
) ENGINE=InnoDB DEFAULT CHARSET=utf8mb4;

--
-- Dumping data untuk tabel `jurnal_penyesuaian`
--

INSERT INTO `jurnal_penyesuaian` (`id`, `id_perkiraan_akun`, `kode_transaksi`, `tanggal`, `keterangan`, `debit`, `kredit`) VALUES
(1, 42, 'JP-0001', '2022-01-31', NULL, '145000000', '0'),
(2, 57, 'JP-0001', '2022-01-31', NULL, '0', '145000000'),
(3, 65, 'JP-0002', '2022-01-31', NULL, '8000000', '0'),
(4, 43, 'JP-0002', '2022-01-31', NULL, '0', '8000000'),
(5, 66, 'JP-0003', '2022-01-31', NULL, '833331', '0'),
(6, 46, 'JP-0003', '2022-01-31', NULL, '0', '833331'),
(7, 67, 'JP-0004', '2022-01-31', NULL, '660417', '0'),
(8, 48, 'JP-0004', '2022-01-31', NULL, '0', '660417'),
(9, 40, 'JP-0005', '2022-01-31', NULL, '2000000', '0'),
(10, 58, 'JP-0005', '2022-01-31', NULL, '0', '2000000'),
(11, 73, 'JP-0006', '2022-01-31', NULL, '100000', '0'),
(12, 40, 'JP-0006', '2022-01-31', NULL, '0', '100000'),
(13, 74, 'JP-0007', '2022-01-31', NULL, '526081', '0'),
(14, 51, 'JP-0007', '2022-01-31', NULL, '0', '526081'),
(15, 57, 'JP-0008', '2022-01-31', NULL, '150000000', '0'),
(16, 42, 'JP-0008', '2022-01-31', NULL, '0', '150000000'),
(17, 42, 'JP-0009', '2022-02-28', NULL, '96600000', '0'),
(18, 57, 'JP-0009', '2022-02-28', NULL, '0', '96600000'),
(19, 65, 'JP-0010', '2022-02-28', NULL, '600000', '0'),
(20, 43, 'JP-0010', '2022-02-28', NULL, '0', '600000'),
(21, 66, 'JP-0011', '2022-02-28', NULL, '833331', '0'),
(22, 46, 'JP-0011', '2022-02-28', NULL, '0', '833331'),
(23, 67, 'JP-0012', '2022-02-28', NULL, '660417', '0'),
(24, 48, 'JP-0012', '2022-02-28', NULL, '0', '660417'),
(25, 40, 'JP-0013', '2022-02-28', NULL, '2000000', '0'),
(26, 58, 'JP-0013', '2022-02-28', NULL, '0', '2000000'),
(27, 73, 'JP-0014', '2022-02-28', NULL, '100000', '0'),
(28, 40, 'JP-0014', '2022-02-28', NULL, '0', '100000'),
(29, 74, 'JP-0015', '2022-02-28', NULL, '331289', '0'),
(30, 51, 'JP-0015', '2022-02-28', NULL, '0', '331289'),
(31, 57, 'JP-0016', '2022-02-28', NULL, '145000000', '0'),
(32, 42, 'JP-0016', '2022-02-28', NULL, '0', '145000000'),
(33, 65, 'JP-0017', '2022-03-31', NULL, '600000', '0'),
(34, 43, 'JP-0017', '2022-03-31', NULL, '0', '600000'),
(35, 66, 'JP-0018', '2022-03-31', NULL, '833331', '0'),
(36, 46, 'JP-0018', '2022-03-31', NULL, '0', '833331'),
(37, 67, 'JP-0019', '2022-03-31', NULL, '930129', '0'),
(38, 48, 'JP-0019', '2022-03-31', NULL, '0', '930129'),
(39, 40, 'JP-0020', '2022-03-31', NULL, '2000000', '0'),
(40, 58, 'JP-0020', '2022-03-31', NULL, '0', '2000000'),
(41, 73, 'JP-0021', '2022-03-31', NULL, '100000', '0'),
(42, 40, 'JP-0021', '2022-03-31', NULL, '0', '100000'),
(43, 74, 'JP-0022', '2022-03-31', NULL, '606229', '0'),
(44, 51, 'JP-0022', '2022-03-31', NULL, '0', '606229'),
(45, 57, 'JP-0023', '2022-03-31', NULL, '96600000', '0'),
(46, 42, 'JP-0023', '2022-03-31', NULL, '0', '96600000'),
(47, 42, 'JP-0024', '2022-03-31', NULL, '109600000', '0'),
(48, 57, 'JP-0024', '2022-03-31', NULL, '0', '109600000'),
(49, 65, 'JP-0025', '2022-04-30', NULL, '266500', '0'),
(50, 43, 'JP-0025', '2022-04-30', NULL, '0', '266500'),
(51, 66, 'JP-0026', '2022-04-30', NULL, '833331', '0'),
(52, 46, 'JP-0026', '2022-04-30', NULL, '0', '833331'),
(53, 67, 'JP-0027', '2022-04-30', NULL, '930129', '0'),
(54, 48, 'JP-0027', '2022-04-30', NULL, '0', '930129'),
(55, 40, 'JP-0028', '2022-04-30', NULL, '2000000', '0'),
(56, 58, 'JP-0028', '2022-04-30', NULL, '0', '2000000'),
(57, 73, 'JP-0029', '2022-04-30', NULL, '100000', '0'),
(58, 40, 'JP-0029', '2022-04-30', NULL, '0', '100000'),
(59, 74, 'JP-0030', '2022-04-30', NULL, '1197334', '0'),
(60, 51, 'JP-0030', '2022-04-30', NULL, '0', '1197334'),
(61, 57, 'JP-0031', '2022-04-30', NULL, '109600000', '0'),
(62, 42, 'JP-0031', '2022-04-30', NULL, '0', '109600000'),
(63, 42, 'JP-0032', '2022-04-30', NULL, '86000000', '0'),
(64, 57, 'JP-0032', '2022-04-30', NULL, '0', '86000000'),
(65, 65, 'JP-0033', '2022-05-31', NULL, '3611800', '0'),
(66, 43, 'JP-0033', '2022-05-31', NULL, '0', '3611800'),
(67, 66, 'JP-0034', '2022-05-31', NULL, '833331', '0'),
(68, 46, 'JP-0034', '2022-05-31', NULL, '0', '833331'),
(69, 67, 'JP-0035', '2022-05-31', NULL, '930129', '0'),
(70, 48, 'JP-0035', '2022-05-31', NULL, '0', '930129'),
(71, 40, 'JP-0036', '2022-05-31', NULL, '2000000', '0'),
(72, 58, 'JP-0036', '2022-05-31', NULL, '0', '2000000'),
(73, 73, 'JP-0037', '2022-05-31', NULL, '100000', '0'),
(74, 40, 'JP-0037', '2022-05-31', NULL, '0', '100000'),
(75, 74, 'JP-0038', '2022-05-31', NULL, '1540940', '0'),
(76, 51, 'JP-0038', '2022-05-31', NULL, '0', '1540940'),
(77, 57, 'JP-0039', '2022-05-31', NULL, '89000000', '0'),
(78, 42, 'JP-0039', '2022-05-31', NULL, '0', '89000000'),
(79, 42, 'JP-0040', '2022-05-31', NULL, '86000000', '0'),
(80, 57, 'JP-0040', '2022-05-31', NULL, '0', '86000000'),
(81, 65, 'JP-0041', '2022-06-30', NULL, '342000', '0'),
(82, 43, 'JP-0041', '2022-06-30', NULL, '0', '342000'),
(83, 66, 'JP-0042', '2022-06-30', NULL, '833331', '0'),
(84, 46, 'JP-0042', '2022-06-30', NULL, '0', '833331'),
(85, 67, 'JP-0043', '2022-06-30', NULL, '930129', '0'),
(86, 48, 'JP-0043', '2022-06-30', NULL, '0', '930129'),
(87, 40, 'JP-0044', '2022-06-30', NULL, '2000000', '0'),
(88, 58, 'JP-0044', '2022-06-30', NULL, '0', '2000000'),
(89, 73, 'JP-0045', '2022-06-30', NULL, '100000', '0'),
(90, 40, 'JP-0045', '2022-06-30', NULL, '0', '100000'),
(91, 74, 'JP-0046', '2022-06-30', NULL, '1223444', '0'),
(92, 51, 'JP-0046', '2022-06-30', NULL, '0', '1223444'),
(93, 57, 'JP-0047', '2022-06-30', NULL, '86000000', '0'),
(94, 42, 'JP-0047', '2022-06-30', NULL, '0', '86000000'),
(95, 42, 'JP-0048', '2022-06-30', NULL, '85000000', '0'),
(96, 57, 'JP-0048', '2022-06-30', NULL, '0', '85000000'),
(97, 65, 'JP-0049', '2022-07-31', NULL, '384000', '0'),
(98, 43, 'JP-0049', '2022-07-31', NULL, '0', '384000'),
(99, 66, 'JP-0050', '2022-07-31', NULL, '833331', '0'),
(100, 46, 'JP-0050', '2022-07-31', NULL, '0', '833331'),
(101, 67, 'JP-0051', '2022-07-31', NULL, '930129', '0'),
(102, 48, 'JP-0051', '2022-07-31', NULL, '0', '930129'),
(103, 40, 'JP-0052', '2022-07-31', NULL, '2000000', '0'),
(104, 58, 'JP-0052', '2022-07-31', NULL, '0', '2000000'),
(105, 73, 'JP-0053', '2022-07-31', NULL, '100000', '0'),
(106, 40, 'JP-0053', '2022-07-31', NULL, '0', '100000'),
(107, 74, 'JP-0054', '2022-07-31', NULL, '728900', '0'),
(108, 51, 'JP-0054', '2022-07-31', NULL, '0', '728900'),
(109, 57, 'JP-0055', '2022-07-31', NULL, '86000000', '0'),
(110, 42, 'JP-0055', '2022-07-31', NULL, '0', '86000000'),
(111, 42, 'JP-0056', '2022-07-31', NULL, '85000000', '0'),
(112, 57, 'JP-0056', '2022-07-31', NULL, '0', '85000000'),
(113, 65, 'JP-0057', '2022-08-31', '', '86500', '0'),
(114, 43, 'JP-0057', '2022-08-31', '', '0', '86500'),
(115, 66, 'JP-0058', '2022-08-31', '', '833331', '0'),
(116, 46, 'JP-0058', '2022-08-31', '', '0', '833331'),
(117, 67, 'JP-0059', '2022-08-31', '', '930129', '0'),
(118, 48, 'JP-0059', '2022-08-31', '', '0', '930129'),
(119, 40, 'JP-0060', '2022-08-31', '', '2000000', '0'),
(120, 58, 'JP-0060', '2022-08-31', '', '0', '2000000'),
(121, 73, 'JP-0061', '2022-08-31', '', '100000', '0'),
(122, 40, 'JP-0061', '2022-08-31', '', '0', '100000'),
(123, 74, 'JP-0062', '2022-08-31', '', '992663', '0'),
(124, 51, 'JP-0062', '2022-08-31', '', '0', '992663'),
(125, 57, 'JP-0063', '2022-08-31', '', '86000000', '0'),
(126, 42, 'JP-0063', '2022-08-31', '', '0', '86000000'),
(127, 42, 'JP-0064', '2022-08-31', '', '85000000', '0'),
(128, 57, 'JP-0064', '2022-08-31', '', '0', '85000000'),
(129, 65, 'JP-0065', '2022-09-30', '', '49500', '0'),
(130, 43, 'JP-0065', '2022-09-30', '', '0', '49500'),
(131, 66, 'JP-0066', '2022-09-30', '', '833331', '0'),
(132, 46, 'JP-0066', '2022-09-30', '', '0', '833331'),
(133, 67, 'JP-0067', '2022-09-30', '', '930129', '0'),
(134, 48, 'JP-0067', '2022-09-30', '', '0', '930129'),
(135, 40, 'JP-0068', '2022-09-30', '', '2000000', '0'),
(136, 58, 'JP-0068', '2022-09-30', '', '0', '2000000'),
(137, 73, 'JP-0069', '2022-09-30', '', '100000', '0'),
(138, 40, 'JP-0069', '2022-09-30', '', '0', '100000'),
(139, 74, 'JP-0070', '2022-09-30', '', '2307066', '0'),
(140, 51, 'JP-0070', '2022-09-30', '', '0', '2307066'),
(141, 57, 'JP-0071', '2022-09-30', '', '86000000', '0'),
(142, 42, 'JP-0071', '2022-09-30', '', '0', '86000000'),
(143, 42, 'JP-0072', '2022-09-30', '', '82000000', '0'),
(144, 57, 'JP-0072', '2022-09-30', '', '0', '82000000'),
(145, 65, 'JP-0073', '2022-10-31', '', '153000', '0'),
(146, 43, 'JP-0073', '2022-10-31', '', '0', '153000'),
(147, 66, 'JP-0074', '2022-10-31', '', '833331', '0'),
(148, 46, 'JP-0074', '2022-10-31', '', '0', '833331'),
(149, 67, 'JP-0075', '2022-10-31', '', '930129', '0'),
(150, 48, 'JP-0075', '2022-10-31', '', '0', '930129'),
(151, 40, 'JP-0076', '2022-10-31', '', '2000000', '0'),
(152, 58, 'JP-0076', '2022-10-31', '', '0', '2000000'),
(153, 73, 'JP-0077', '2022-10-31', '', '100000', '0'),
(154, 40, 'JP-0077', '2022-10-31', '', '0', '100000'),
(155, 74, 'JP-0078', '2022-10-31', '', '1940566', '0'),
(156, 51, 'JP-0078', '2022-10-31', '', '0', '1940566'),
(157, 57, 'JP-0079', '2022-10-31', '', '86000000', '0'),
(158, 42, 'JP-0079', '2022-10-31', '', '0', '86000000'),
(159, 42, 'JP-0080', '2022-10-31', '', '82000000', '0'),
(160, 57, 'JP-0080', '2022-10-31', '', '0', '82000000'),
(161, 65, 'JP-0081', '2022-11-30', '', '1792000', '0'),
(162, 43, 'JP-0081', '2022-11-30', '', '0', '1792000'),
(163, 66, 'JP-0082', '2022-11-30', '', '833331', '0'),
(164, 46, 'JP-0082', '2022-11-30', '', '0', '833331'),
(165, 67, 'JP-0083', '2022-11-30', '', '930129', '0'),
(166, 48, 'JP-0083', '2022-11-30', '', '0', '930129'),
(167, 40, 'JP-0084', '2022-11-30', '', '2000000', '0'),
(168, 58, 'JP-0084', '2022-11-30', '', '0', '2000000'),
(169, 73, 'JP-0085', '2022-11-30', '', '100000', '0'),
(170, 40, 'JP-0085', '2022-11-30', '', '0', '100000'),
(171, 74, 'JP-0086', '2022-11-30', '', '2805487', '0'),
(172, 51, 'JP-0086', '2022-11-30', '', '0', '2805487'),
(173, 57, 'JP-0087', '2022-11-30', '', '86000000', '0'),
(174, 42, 'JP-0087', '2022-11-30', '', '0', '86000000'),
(175, 42, 'JP-0088', '2022-11-30', '', '82000000', '0'),
(176, 57, 'JP-0088', '2022-11-30', '', '0', '82000000'),
(177, 65, 'JP-0089', '2022-12-31', '', '2287000', '0'),
(178, 43, 'JP-0089', '2022-12-31', '', '0', '2287000'),
(179, 66, 'JP-0090', '2022-12-31', '', '833331', '0'),
(180, 46, 'JP-0090', '2022-12-31', '', '0', '833331'),
(181, 67, 'JP-0091', '2022-12-31', '', '930129', '0'),
(182, 48, 'JP-0091', '2022-12-31', '', '0', '930129'),
(183, 40, 'JP-0092', '2022-12-31', '', '2000000', '0'),
(184, 58, 'JP-0092', '2022-12-31', '', '0', '2000000'),
(185, 73, 'JP-0093', '2022-12-31', '', '100000', '0'),
(186, 40, 'JP-0093', '2022-12-31', '', '0', '100000'),
(187, 74, 'JP-0094', '2022-12-31', '', '3279816', '0'),
(188, 51, 'JP-0094', '2022-12-31', '', '0', '3279816'),
(189, 57, 'JP-0095', '2022-12-31', '', '82000000', '0'),
(190, 42, 'JP-0095', '2022-12-31', '', '0', '82000000'),
(191, 42, 'JP-0096', '2022-12-31', '', '77015440', '0'),
(192, 57, 'JP-0096', '2022-12-31', '', '0', '77015440');

-- --------------------------------------------------------

--
-- Struktur dari tabel `jurnal_umum`
--

CREATE TABLE `jurnal_umum` (
  `id` int(11) UNSIGNED NOT NULL,
  `id_perkiraan_akun` int(11) UNSIGNED NOT NULL,
  `kode_transaksi` varchar(20) DEFAULT NULL,
  `tanggal` date DEFAULT NULL,
  `no_transaksi` varchar(12) DEFAULT NULL,
  `keterangan` varchar(32) DEFAULT NULL,
  `debit` varchar(20) DEFAULT NULL,
  `kredit` varchar(20) DEFAULT NULL
) ENGINE=InnoDB DEFAULT CHARSET=latin1;

--
-- Dumping data untuk tabel `jurnal_umum`
--

INSERT INTO `jurnal_umum` (`id`, `id_perkiraan_akun`, `kode_transaksi`, `tanggal`, `no_transaksi`, `keterangan`, `debit`, `kredit`) VALUES
(1, 5, 'JU-0001', '2022-01-01', '0001', '', '1530000', '0'),
(2, 54, 'JU-0001', '2022-01-01', '0002', '', '0', '1530000'),
(3, 5, 'JU-0002', '2022-01-02', '0003', '', '6655000', '0'),
(4, 54, 'JU-0002', '2022-01-02', '0004', '', '0', '6655000'),
(5, 5, 'JU-0003', '2022-01-03', '0005', '', '1612620', '0'),
(6, 54, 'JU-0003', '2022-01-03', '0006', '', '0', '1612620'),
(7, 5, 'JU-0004', '2022-01-04', '0007', '', '5100000', '0'),
(8, 54, 'JU-0004', '2022-01-04', '0008', '', '0', '5100000'),
(9, 5, 'JU-0005', '2022-01-05', '0009', '', '6370500', '0'),
(10, 54, 'JU-0005', '2022-01-05', '0010', '', '0', '6370500'),
(11, 5, 'JU-0006', '2022-01-06', '0011', '', '1020000', '0'),
(12, 54, 'JU-0006', '2022-01-06', '0012', '', '0', '1020000'),
(13, 5, 'JU-0007', '2022-01-07', '0013', '', '10137000', '0'),
(14, 54, 'JU-0007', '2022-01-07', '0014', '', '0', '10137000'),
(15, 5, 'JU-0008', '2022-01-08', '0015', '', '20088000', '0'),
(16, 54, 'JU-0008', '2022-01-08', '0016', '', '0', '20088000'),
(17, 5, 'JU-0009', '2022-01-09', '0017', '', '4750000', '0'),
(18, 54, 'JU-0009', '2022-01-09', '0018', '', '0', '4750000'),
(19, 5, 'JU-0010', '2022-01-10', '0019', '', '1530000', '0'),
(20, 54, 'JU-0010', '2022-01-10', '0020', '', '0', '1530000'),
(21, 5, 'JU-0011', '2022-01-11', '0021', '', '3120000', '0'),
(22, 54, 'JU-0011', '2022-01-11', '0022', '', '0', '3120000'),
(23, 5, 'JU-0012', '2022-01-12', '0023', '', '8125000', '0'),
(24, 54, 'JU-0012', '2022-01-12', '0024', '', '0', '8125000'),
(25, 5, 'JU-0013', '2022-01-13', '0025', '', '11197200', '0'),
(26, 54, 'JU-0013', '2022-01-13', '0026', '', '0', '11197200'),
(27, 5, 'JU-0014', '2022-01-14', '0027', '', '1020000', '0'),
(28, 54, 'JU-0014', '2022-01-14', '0028', '', '0', '1020000'),
(29, 5, 'JU-0015', '2022-01-15', '0029', '', '10020000', '0'),
(30, 54, 'JU-0015', '2022-01-15', '0030', '', '0', '10020000'),
(31, 5, 'JU-0016', '2022-01-16', '0031', '', '2790000', '0'),
(32, 54, 'JU-0016', '2022-01-16', '0032', '', '0', '2790000'),
(33, 5, 'JU-0017', '2022-01-17', '0033', '', '14750000', '0'),
(34, 54, 'JU-0017', '2022-01-17', '0034', '', '0', '14750000'),
(35, 5, 'JU-0018', '2022-01-18', '0035', '', '4750000', '0'),
(36, 54, 'JU-0018', '2022-01-18', '0036', '', '0', '4750000'),
(37, 5, 'JU-0019', '2022-01-19', '0037', '', '21157500', '0'),
(38, 54, 'JU-0019', '2022-01-19', '0038', '', '0', '21157500'),
(39, 5, 'JU-0020', '2022-01-20', '0039', '', '1422900', '0'),
(40, 54, 'JU-0020', '2022-01-20', '0040', '', '0', '1422900'),
(41, 5, 'JU-0021', '2022-01-21', '0041', '', '14000000', '0'),
(42, 54, 'JU-0021', '2022-01-21', '0042', '', '0', '14000000'),
(43, 5, 'JU-0022', '2022-01-22', '0043', '', '18135000', '0'),
(44, 54, 'JU-0022', '2022-01-22', '0044', '', '0', '18135000'),
(45, 5, 'JU-0023', '2022-01-23', '0045', '', '17165000', '0'),
(46, 54, 'JU-0023', '2022-01-23', '0046', '', '0', '17165000'),
(47, 5, 'JU-0024', '2022-01-24', '0047', '', '3120000', '0'),
(48, 54, 'JU-0024', '2022-01-24', '0048', '', '0', '3120000'),
(49, 5, 'JU-0025', '2022-01-25', '0049', '', '3120000', '0'),
(50, 54, 'JU-0025', '2022-01-25', '0050', '', '0', '3120000'),
(51, 5, 'JU-0026', '2022-01-26', '0051', '', '3375900', '0'),
(52, 54, 'JU-0026', '2022-01-26', '0052', '', '0', '3375900'),
(53, 5, 'JU-0027', '2022-01-27', '0053', '', '7281900', '0'),
(54, 54, 'JU-0027', '2022-01-27', '0054', '', '0', '7281900'),
(55, 5, 'JU-0028', '2022-01-28', '0055', '', '3630000', '0'),
(56, 54, 'JU-0028', '2022-01-28', '0056', '', '0', '3630000'),
(57, 5, 'JU-0029', '2022-01-29', '0057', '', '4170000', '0'),
(58, 54, 'JU-0029', '2022-01-29', '0058', '', '0', '4170000'),
(59, 5, 'JU-0030', '2022-01-30', '0059', '', '2100000', '0'),
(60, 54, 'JU-0030', '2022-01-30', '0060', '', '0', '2100000'),
(61, 5, 'JU-0031', '2022-01-31', '0061', '', '9000000', '0'),
(62, 54, 'JU-0031', '2022-01-31', '0062', '', '0', '9000000'),
(63, 59, 'JU-0032', '2022-01-31', '0063', NULL, '109488000', '0'),
(64, 5, 'JU-0032', '2022-01-31', '0064', NULL, '0', '109488000'),
(65, 63, 'JU-0033', '2022-01-31', '0065', NULL, '5500000', '0'),
(66, 5, 'JU-0033', '2022-01-31', '0066', NULL, '0', '5500000'),
(67, 70, 'JU-0034', '2022-01-31', '0067', NULL, '12005000', '0'),
(68, 5, 'JU-0034', '2022-01-31', '0068', NULL, '0', '12005000'),
(69, 69, 'JU-0035', '2022-01-31', '0069', NULL, '575000', '0'),
(70, 5, 'JU-0035', '2022-01-31', '0070', NULL, '0', '575000'),
(71, 68, 'JU-0036', '2022-01-31', '0071', NULL, '2500000', '0'),
(72, 5, 'JU-0036', '2022-01-31', '0072', NULL, '0', '2500000'),
(73, 43, 'JU-0037', '2022-01-31', '0073', NULL, '17600000', '0'),
(74, 5, 'JU-0037', '2022-01-31', '0074', NULL, '0', '17600000'),
(75, 5, 'JU-0038', '2022-01-31', '0075', '', '9000000', '0'),
(76, 54, 'JU-0038', '2022-01-31', '0076', '', '0', '9000000'),
(77, 5, 'JU-0039', '2022-01-31', '0077', '', '2100000', '0'),
(78, 54, 'JU-0039', '2022-01-31', '0078', '', '0', '2100000'),
(79, 5, 'JU-0040', '2022-01-31', '0079', '', '2100000', '0'),
(80, 54, 'JU-0040', '2022-01-31', '0080', '', '0', '2100000'),
(81, 5, 'JU-0041', '2022-01-31', '0081', '', '2100000', '0'),
(82, 54, 'JU-0041', '2022-01-31', '0082', '', '0', '2100000'),
(83, 5, 'JU-0042', '2022-01-31', '0083', '', '5125000', '0'),
(84, 54, 'JU-0042', '2022-01-31', '0084', '', '0', '5125000'),
(85, 5, 'JU-0043', '2022-01-31', '0085', '', '3150000', '0'),
(86, 54, 'JU-0043', '2022-01-31', '0086', '', '0', '3150000'),
(87, 5, 'JU-0044', '2022-01-31', '0087', '', '2310000', '0'),
(88, 54, 'JU-0044', '2022-01-31', '0088', '', '0', '2310000'),
(89, 5, 'JU-0045', '2022-01-31', '0089', '', '3150000', '0'),
(90, 54, 'JU-0045', '2022-01-31', '0090', '', '0', '3150000'),
(91, 5, 'JU-0046', '2022-01-31', '0091', '', '2100000', '0'),
(92, 54, 'JU-0046', '2022-01-31', '0092', '', '0', '2100000'),
(93, 5, 'JU-0047', '2022-01-31', '0093', '', '8340000', '0'),
(94, 54, 'JU-0047', '2022-01-31', '0094', '', '0', '8340000'),
(95, 5, 'JU-0048', '2022-01-31', '0095', '', '6300000', '0'),
(96, 54, 'JU-0048', '2022-01-31', '0096', '', '0', '6300000'),
(97, 5, 'JU-0049', '2022-01-31', '0097', 'Shopee + Tiktok', '84403058', '0'),
(98, 54, 'JU-0049', '2022-01-31', '0098', '', '0', '84403058'),
(99, 62, 'JU-0050', '2022-01-31', '0099', NULL, '750000', '0'),
(100, 5, 'JU-0050', '2022-01-31', '0100', NULL, '0', '750000'),
(101, 5, 'JU-0051', '2022-02-01', '0101', '', '4750000', '0'),
(102, 54, 'JU-0051', '2022-02-01', '0102', '', '0', '4750000'),
(103, 5, 'JU-0052', '2022-02-02', '0103', '', '7125000', '0'),
(104, 54, 'JU-0052', '2022-02-02', '0104', '', '0', '7125000'),
(105, 5, 'JU-0053', '2022-02-03', '0105', '', '3630000', '0'),
(106, 54, 'JU-0053', '2022-02-03', '0106', '', '0', '3630000'),
(107, 5, 'JU-0054', '2022-02-04', '0107', '', '4750000', '0'),
(108, 54, 'JU-0054', '2022-02-04', '0108', '', '0', '4750000'),
(109, 5, 'JU-0055', '2022-02-05', '0109', '', '4750000', '0'),
(110, 54, 'JU-0055', '2022-02-05', '0110', '', '0', '4750000'),
(111, 5, 'JU-0056', '2022-02-06', '0111', '', '1530000', '0'),
(112, 54, 'JU-0056', '2022-02-06', '0112', '', '0', '1530000'),
(113, 5, 'JU-0057', '2022-02-07', '0113', '', '2000000', '0'),
(114, 54, 'JU-0057', '2022-02-07', '0114', '', '0', '2000000'),
(115, 5, 'JU-0058', '2022-02-08', '0115', '', '4750000', '0'),
(116, 54, 'JU-0058', '2022-02-08', '0116', '', '0', '4750000'),
(117, 5, 'JU-0059', '2022-02-09', '0117', '', '1530000', '0'),
(118, 54, 'JU-0059', '2022-02-09', '0118', '', '0', '1530000'),
(119, 5, 'JU-0060', '2022-02-10', '0119', '', '1530000', '0'),
(120, 54, 'JU-0060', '2022-02-10', '0120', '', '0', '1530000'),
(121, 5, 'JU-0061', '2022-02-11', '0121', '', '1020000', '0'),
(122, 54, 'JU-0061', '2022-02-11', '0122', '', '0', '1020000'),
(123, 5, 'JU-0062', '2022-02-13', '0123', '', '5700000', '0'),
(124, 54, 'JU-0062', '2022-02-13', '0124', '', '0', '5700000'),
(125, 5, 'JU-0063', '2022-02-14', '0125', '', '4750000', '0'),
(126, 54, 'JU-0063', '2022-02-14', '0126', '', '0', '4750000'),
(127, 5, 'JU-0064', '2022-02-15', '0127', '', '2040000', '0'),
(128, 54, 'JU-0064', '2022-02-15', '0128', '', '0', '2040000'),
(129, 5, 'JU-0065', '2022-02-16', '0129', '', '1632000', '0'),
(130, 54, 'JU-0065', '2022-02-16', '0130', '', '0', '1632000'),
(131, 5, 'JU-0066', '2022-02-17', '0131', '', '1530000', '0'),
(132, 54, 'JU-0066', '2022-02-17', '0132', '', '0', '1530000'),
(133, 5, 'JU-0067', '2022-02-18', '0133', '', '4750000', '0'),
(134, 54, 'JU-0067', '2022-02-18', '0134', '', '0', '4750000'),
(135, 5, 'JU-0068', '2022-02-19', '0135', '', '1530000', '0'),
(136, 54, 'JU-0068', '2022-02-19', '0136', '', '0', '1530000'),
(137, 5, 'JU-0069', '2022-02-20', '0137', '', '1122000', '0'),
(138, 54, 'JU-0069', '2022-02-20', '0138', '', '0', '1122000'),
(139, 5, 'JU-0070', '2022-02-21', '0139', '', '1530000', '0'),
(140, 54, 'JU-0070', '2022-02-21', '0140', '', '0', '1530000'),
(141, 5, 'JU-0071', '2022-02-22', '0141', '', '2040000', '0'),
(142, 54, 'JU-0071', '2022-02-22', '0142', '', '0', '2040000'),
(143, 5, 'JU-0072', '2022-02-23', '0143', '', '2000000', '0'),
(144, 54, 'JU-0072', '2022-02-23', '0144', '', '0', '2000000'),
(145, 5, 'JU-0073', '2022-02-24', '0145', '', '1530000', '0'),
(146, 54, 'JU-0073', '2022-02-24', '0146', '', '0', '1530000'),
(147, 5, 'JU-0074', '2022-02-25', '0147', '', '5700000', '0'),
(148, 54, 'JU-0074', '2022-02-25', '0148', '', '0', '5700000'),
(149, 5, 'JU-0075', '2022-02-26', '0149', '', '1020000', '0'),
(150, 54, 'JU-0075', '2022-02-26', '0150', '', '0', '1020000'),
(151, 5, 'JU-0076', '2022-02-27', '0151', '', '4750000', '0'),
(152, 54, 'JU-0076', '2022-02-27', '0152', '', '0', '4750000'),
(153, 5, 'JU-0077', '2022-02-28', '0153', '', '4750000', '0'),
(154, 54, 'JU-0077', '2022-02-28', '0154', '', '0', '4750000'),
(155, 5, 'JU-0078', '2022-02-28', '0155', '', '4750000', '0'),
(156, 54, 'JU-0078', '2022-02-28', '0156', '', '0', '4750000'),
(157, 5, 'JU-0079', '2022-02-28', '0157', '', '1020000', '0'),
(158, 54, 'JU-0079', '2022-02-28', '0158', '', '0', '1020000'),
(159, 5, 'JU-0080', '2022-02-28', '0159', 'Shopee + Tiktok', '40106334', '0'),
(160, 54, 'JU-0080', '2022-02-28', '0160', '', '0', '40106334'),
(161, 62, 'JU-0081', '2022-02-28', '0161', NULL, '750000', '0'),
(162, 5, 'JU-0081', '2022-02-28', '0162', NULL, '0', '750000'),
(163, 63, 'JU-0082', '2022-02-28', '0163', NULL, '7318116', '0'),
(164, 5, 'JU-0082', '2022-02-28', '0164', NULL, '0', '7318116'),
(165, 68, 'JU-0083', '2022-02-28', '0165', NULL, '2500000', '0'),
(166, 5, 'JU-0083', '2022-02-28', '0166', NULL, '0', '2500000'),
(167, 69, 'JU-0084', '2022-02-28', '0167', NULL, '575000', '0'),
(168, 5, 'JU-0084', '2022-02-28', '0168', NULL, '0', '575000'),
(169, 5, 'JU-0085', '2022-03-01', '0169', '', '1020000', '0'),
(170, 54, 'JU-0085', '2022-03-01', '0170', '', '0', '1020000'),
(171, 5, 'JU-0086', '2022-03-02', '0171', '', '1020000', '0'),
(172, 54, 'JU-0086', '2022-03-02', '0172', '', '0', '1020000'),
(173, 5, 'JU-0087', '2022-03-03', '0173', '', '2550000', '0'),
(174, 54, 'JU-0087', '2022-03-03', '0174', '', '0', '2550000'),
(175, 5, 'JU-0088', '2022-03-04', '0175', '', '1530000', '0'),
(176, 54, 'JU-0088', '2022-03-04', '0176', '', '0', '1530000'),
(177, 5, 'JU-0089', '2022-03-05', '0177', '', '1754910', '0'),
(178, 54, 'JU-0089', '2022-03-05', '0178', '', '0', '1754910'),
(179, 5, 'JU-0090', '2022-03-06', '0179', '', '4417500', '0'),
(180, 54, 'JU-0090', '2022-03-06', '0180', '', '0', '4417500'),
(181, 5, 'JU-0091', '2022-03-07', '0181', '', '4417500', '0'),
(182, 54, 'JU-0091', '2022-03-07', '0182', '', '0', '4417500'),
(183, 5, 'JU-0092', '2022-03-08', '0183', '', '10381125', '0'),
(184, 54, 'JU-0092', '2022-03-08', '0184', '', '0', '10381125'),
(185, 5, 'JU-0093', '2022-03-09', '0185', '', '1530000', '0'),
(186, 54, 'JU-0093', '2022-03-09', '0186', '', '0', '1530000'),
(187, 5, 'JU-0094', '2022-03-10', '0187', '', '8835000', '0'),
(188, 54, 'JU-0094', '2022-03-10', '0188', '', '0', '8835000'),
(189, 5, 'JU-0095', '2022-03-11', '0189', '', '8835000', '0'),
(190, 54, 'JU-0095', '2022-03-11', '0190', '', '0', '8835000'),
(191, 5, 'JU-0096', '2022-03-12', '0191', '', '1422900', '0'),
(192, 54, 'JU-0096', '2022-03-12', '0192', '', '0', '1422900'),
(193, 5, 'JU-0097', '2022-03-13', '0193', '', '2181780', '0'),
(194, 54, 'JU-0097', '2022-03-13', '0194', '', '0', '2181780'),
(195, 5, 'JU-0098', '2022-03-14', '0195', '', '948600', '0'),
(196, 54, 'JU-0098', '2022-03-14', '0196', '', '0', '948600'),
(197, 5, 'JU-0099', '2022-03-15', '0197', '', '2790000', '0'),
(198, 54, 'JU-0099', '2022-03-15', '0198', '', '0', '2790000'),
(199, 5, 'JU-0100', '2022-03-16', '0199', '', '1020000', '0'),
(200, 54, 'JU-0100', '2022-03-16', '0200', '', '0', '1020000'),
(201, 5, 'JU-0101', '2022-03-17', '0201', '', '1422900', '0'),
(202, 54, 'JU-0101', '2022-03-17', '0202', '', '0', '1422900'),
(203, 5, 'JU-0102', '2022-03-18', '0203', '', '4417500', '0'),
(204, 54, 'JU-0102', '2022-03-18', '0204', '', '0', '4417500'),
(205, 5, 'JU-0103', '2022-03-19', '0205', '', '4417500', '0'),
(206, 54, 'JU-0103', '2022-03-19', '0206', '', '0', '4417500'),
(207, 5, 'JU-0104', '2022-03-20', '0207', '', '1020000', '0'),
(208, 54, 'JU-0104', '2022-03-20', '0208', '', '0', '1020000'),
(209, 5, 'JU-0105', '2022-03-21', '0209', '', '1422900', '0'),
(210, 54, 'JU-0105', '2022-03-21', '0210', '', '0', '1422900'),
(211, 5, 'JU-0106', '2022-03-22', '0211', '', '15000000', '0'),
(212, 54, 'JU-0106', '2022-03-22', '0212', '', '0', '15000000'),
(213, 5, 'JU-0107', '2022-03-23', '0213', '', '15000000', '0'),
(214, 54, 'JU-0107', '2022-03-23', '0214', '', '0', '15000000'),
(215, 5, 'JU-0108', '2022-03-24', '0215', '', '15000000', '0'),
(216, 54, 'JU-0108', '2022-03-24', '0216', '', '0', '15000000'),
(217, 5, 'JU-0109', '2022-03-25', '0217', '', '10000000', '0'),
(218, 54, 'JU-0109', '2022-03-25', '0218', '', '0', '10000000'),
(219, 5, 'JU-0110', '2022-03-26', '0219', '', '10000000', '0'),
(220, 54, 'JU-0110', '2022-03-26', '0220', '', '0', '10000000'),
(221, 5, 'JU-0111', '2022-03-27', '0221', '', '9000000', '0'),
(222, 54, 'JU-0111', '2022-03-27', '0222', '', '0', '9000000'),
(223, 5, 'JU-0112', '2022-03-28', '0223', '', '2100000', '0'),
(224, 54, 'JU-0112', '2022-03-28', '0224', '', '0', '2100000'),
(225, 5, 'JU-0113', '2022-03-29', '0225', '', '15000000', '0'),
(226, 54, 'JU-0113', '2022-03-29', '0226', '', '0', '15000000'),
(227, 5, 'JU-0114', '2022-03-30', '0227', '', '15000000', '0'),
(228, 54, 'JU-0114', '2022-03-30', '0228', '', '0', '15000000'),
(229, 5, 'JU-0115', '2022-03-31', '0229', '', '5000000', '0'),
(230, 54, 'JU-0115', '2022-03-31', '0230', '', '0', '5000000'),
(231, 5, 'JU-0116', '2022-03-31', '0231', '', '1422900', '0'),
(232, 54, 'JU-0116', '2022-03-31', '0232', '', '0', '1422900'),
(233, 5, 'JU-0117', '2022-03-31', '0233', '', '2550000', '0'),
(234, 54, 'JU-0117', '2022-03-31', '0234', '', '0', '2550000'),
(235, 5, 'JU-0118', '2022-03-31', '0235', '', '2100000', '0'),
(236, 54, 'JU-0118', '2022-03-31', '0236', '', '0', '2100000'),
(237, 5, 'JU-0119', '2022-03-31', '0237', '', '2040000', '0'),
(238, 54, 'JU-0119', '2022-03-31', '0238', '', '0', '2040000'),
(239, 5, 'JU-0120', '2022-03-31', '0239', '', '3150000', '0'),
(240, 54, 'JU-0120', '2022-03-31', '0240', '', '0', '3150000'),
(241, 5, 'JU-0121', '2022-03-31', '0241', '', '4417500', '0'),
(242, 54, 'JU-0121', '2022-03-31', '0242', '', '0', '4417500'),
(243, 5, 'JU-0122', '2022-03-31', '0243', '', '2040000', '0'),
(244, 54, 'JU-0122', '2022-03-31', '0244', '', '0', '2040000'),
(245, 5, 'JU-0123', '2022-03-31', '0245', '', '15000000', '0'),
(246, 54, 'JU-0123', '2022-03-31', '0246', '', '0', '15000000'),
(247, 5, 'JU-0124', '2022-03-31', '0247', '', '4200000', '0'),
(248, 54, 'JU-0124', '2022-03-31', '0248', '', '0', '4200000'),
(249, 5, 'JU-0125', '2022-03-31', '0249', '', '12040000', '0'),
(250, 54, 'JU-0125', '2022-03-31', '0250', '', '0', '12040000'),
(251, 5, 'JU-0126', '2022-03-31', '0251', '', '2040000', '0'),
(252, 54, 'JU-0126', '2022-03-31', '0252', '', '0', '2040000'),
(253, 5, 'JU-0127', '2022-03-31', '0253', '', '3150000', '0'),
(254, 54, 'JU-0127', '2022-03-31', '0254', '', '0', '3150000'),
(255, 5, 'JU-0128', '2022-03-31', '0255', '', '2040000', '0'),
(256, 54, 'JU-0128', '2022-03-31', '0256', '', '0', '2040000'),
(257, 5, 'JU-0129', '2022-03-31', '0257', '', '4750000', '0'),
(258, 54, 'JU-0129', '2022-03-31', '0258', '', '0', '4750000'),
(259, 5, 'JU-0130', '2022-03-31', '0259', '', '1530000', '0'),
(260, 54, 'JU-0130', '2022-03-31', '0260', '', '0', '1530000'),
(261, 5, 'JU-0131', '2022-03-31', '0261', '', '1422900', '0'),
(262, 54, 'JU-0131', '2022-03-31', '0262', '', '0', '1422900'),
(263, 59, 'JU-0132', '2022-03-31', '0263', '', '109837974', '0'),
(264, 5, 'JU-0132', '2022-03-31', '0264', '', '0', '109837974'),
(265, 43, 'JU-0133', '2022-03-31', '0265', '', '834704', '0'),
(266, 5, 'JU-0133', '2022-03-31', '0266', '', '0', '834704'),
(267, 64, 'JU-0134', '2022-03-31', '0267', '', '3652900', '0'),
(268, 5, 'JU-0134', '2022-03-31', '0268', '', '0', '3652900'),
(269, 71, 'JU-0135', '2022-03-31', '0269', '', '1279900', '0'),
(270, 5, 'JU-0135', '2022-03-31', '0270', '', '0', '1279900'),
(271, 47, 'JU-0136', '2022-03-31', '0271', '', '12946200', '0'),
(272, 5, 'JU-0136', '2022-03-31', '0272', '', '0', '12946200'),
(273, 72, 'JU-0137', '2022-03-31', '0273', '', '500000', '0'),
(274, 5, 'JU-0137', '2022-03-31', '0274', '', '0', '500000'),
(275, 72, 'JU-0138', '2022-03-31', '0275', '', '350000', '0'),
(276, 5, 'JU-0138', '2022-03-31', '0276', '', '0', '350000'),
(277, 69, 'JU-0139', '2022-03-31', '0277', '', '687500', '0'),
(278, 5, 'JU-0139', '2022-03-31', '0278', '', '0', '687500'),
(279, 68, 'JU-0140', '2022-03-31', '0279', '', '2500000', '0'),
(280, 5, 'JU-0140', '2022-03-31', '0280', '', '0', '2500000'),
(281, 63, 'JU-0141', '2022-03-31', '0281', '', '7318116', '0'),
(282, 5, 'JU-0141', '2022-03-31', '0282', '', '0', '7318116'),
(283, 70, 'JU-0142', '2022-03-31', '0283', '', '8250000', '0'),
(284, 5, 'JU-0142', '2022-03-31', '0284', '', '0', '8250000'),
(285, 5, 'JU-0143', '2022-03-31', '0285', 'Shopee ', '25334576', '0'),
(286, 54, 'JU-0143', '2022-03-31', '0286', '', '0', '25334576'),
(287, 5, 'JU-0144', '2022-03-31', '0287', 'Tiktokshop', '14380964', '0'),
(288, 54, 'JU-0144', '2022-03-31', '0288', '', '0', '14380964'),
(289, 5, 'JU-0145', '2022-04-01', '0289', '', '5300000', '0'),
(290, 54, 'JU-0145', '2022-04-01', '0290', '', '0', '5300000'),
(291, 5, 'JU-0146', '2022-04-01', '0291', '', '1350000', '0'),
(292, 54, 'JU-0146', '2022-04-01', '0292', '', '0', '1350000'),
(293, 5, 'JU-0147', '2022-04-01', '0293', '', '12750000', '0'),
(294, 54, 'JU-0147', '2022-04-01', '0294', '', '0', '12750000'),
(295, 5, 'JU-0148', '2022-04-01', '0295', '', '12750000', '0'),
(296, 54, 'JU-0148', '2022-04-01', '0296', '', '0', '12750000'),
(297, 5, 'JU-0150', '2022-04-01', '0297', '', '12750000', '0'),
(298, 54, 'JU-0150', '2022-04-01', '0298', '', '0', '12750000'),
(299, 5, 'JU-0151', '2022-04-01', '0299', '', '4505000', '0'),
(300, 54, 'JU-0151', '2022-04-01', '0300', '', '0', '4505000'),
(301, 5, 'JU-0152', '2022-04-01', '0301', '', '1350000', '0'),
(302, 54, 'JU-0152', '2022-04-01', '0302', '', '0', '1350000'),
(303, 5, 'JU-0153', '2022-04-01', '0303', '', '7950000', '0'),
(304, 54, 'JU-0153', '2022-04-01', '0304', '', '0', '7950000'),
(305, 5, 'JU-0154', '2022-04-01', '0305', '', '2700000', '0'),
(306, 54, 'JU-0154', '2022-04-01', '0306', '', '0', '2700000'),
(307, 5, 'JU-0155', '2022-04-01', '0307', '', '12750000', '0'),
(308, 54, 'JU-0155', '2022-04-01', '0308', '', '0', '12750000'),
(309, 5, 'JU-0156', '2022-04-01', '0309', '', '5300000', '0'),
(310, 54, 'JU-0156', '2022-04-01', '0310', '', '0', '5300000'),
(311, 5, 'JU-0157', '2022-04-01', '0311', '', '2700000', '0'),
(312, 54, 'JU-0157', '2022-04-01', '0312', '', '0', '2700000'),
(313, 5, 'JU-0158', '2022-04-01', '0313', '', '5300000', '0'),
(314, 54, 'JU-0158', '2022-04-01', '0314', '', '0', '5300000'),
(315, 5, 'JU-0159', '2022-04-01', '0315', '', '11475000', '0'),
(316, 54, 'JU-0159', '2022-04-01', '0316', '', '0', '11475000'),
(317, 5, 'JU-0160', '2022-04-01', '0317', '', '7950000', '0'),
(318, 54, 'JU-0160', '2022-04-01', '0318', '', '0', '7950000'),
(319, 5, 'JU-0161', '2022-04-01', '0319', '', '2700000', '0'),
(320, 54, 'JU-0161', '2022-04-01', '0320', '', '0', '2700000'),
(321, 5, 'JU-0162', '2022-04-01', '0321', '', '1350000', '0'),
(322, 54, 'JU-0162', '2022-04-01', '0322', '', '0', '1350000'),
(323, 5, 'JU-0163', '2022-04-01', '0323', '', '3975000', '0'),
(324, 54, 'JU-0163', '2022-04-01', '0324', '', '0', '3975000'),
(325, 5, 'JU-0164', '2022-04-01', '0325', '', '2700000', '0'),
(326, 54, 'JU-0164', '2022-04-01', '0326', '', '0', '2700000'),
(327, 5, 'JU-0165', '2022-04-01', '0327', '', '2700000', '0'),
(328, 54, 'JU-0165', '2022-04-01', '0328', '', '0', '2700000'),
(329, 5, 'JU-0166', '2022-04-01', '0329', '', '2160000', '0'),
(330, 54, 'JU-0166', '2022-04-01', '0330', '', '0', '2160000'),
(331, 5, 'JU-0167', '2022-04-01', '0331', '', '11475000', '0'),
(332, 54, 'JU-0167', '2022-04-01', '0332', '', '0', '11475000'),
(333, 5, 'JU-0168', '2022-04-01', '0333', '', '2700000', '0'),
(334, 54, 'JU-0168', '2022-04-01', '0334', '', '0', '2700000'),
(335, 5, 'JU-0169', '2022-04-01', '0335', '', '5300000', '0'),
(336, 54, 'JU-0169', '2022-04-01', '0336', '', '0', '5300000'),
(337, 5, 'JU-0170', '2022-04-01', '0337', '', '5300000', '0'),
(338, 54, 'JU-0170', '2022-04-01', '0338', '', '0', '5300000'),
(339, 5, 'JU-0171', '2022-04-01', '0339', '', '12750000', '0'),
(340, 54, 'JU-0171', '2022-04-01', '0340', '', '0', '12750000'),
(341, 5, 'JU-0172', '2022-04-01', '0341', '', '1350000', '0'),
(342, 54, 'JU-0172', '2022-04-01', '0342', '', '0', '1350000'),
(343, 5, 'JU-0173', '2022-04-01', '0343', '', '1350000', '0'),
(344, 54, 'JU-0173', '2022-04-01', '0344', '', '0', '1350000'),
(345, 5, 'JU-0174', '2022-04-01', '0345', '', '3975000', '0'),
(346, 54, 'JU-0174', '2022-04-01', '0346', '', '0', '3975000'),
(347, 5, 'JU-0175', '2022-04-01', '0347', '', '1350000', '0'),
(348, 54, 'JU-0175', '2022-04-01', '0348', '', '0', '1350000'),
(349, 5, 'JU-0176', '2022-04-01', '0349', '', '1350000', '0'),
(350, 54, 'JU-0176', '2022-04-01', '0350', '', '0', '1350000'),
(351, 5, 'JU-0177', '2022-04-01', '0351', '', '2000000', '0'),
(352, 54, 'JU-0177', '2022-04-01', '0352', '', '0', '2000000'),
(353, 5, 'JU-0178', '2022-04-01', '0353', '', '1422900', '0'),
(354, 54, 'JU-0178', '2022-04-01', '0354', '', '0', '1422900'),
(355, 5, 'JU-0179', '2022-04-01', '0355', '', '2700000', '0'),
(356, 54, 'JU-0179', '2022-04-01', '0356', '', '0', '2700000'),
(357, 5, 'JU-0180', '2022-04-02', '0357', '', '3975000', '0'),
(358, 54, 'JU-0180', '2022-04-02', '0358', '', '0', '3975000'),
(359, 5, 'JU-0181', '2022-04-02', '0359', '', '2700000', '0'),
(360, 54, 'JU-0181', '2022-04-02', '0360', '', '0', '2700000'),
(361, 5, 'JU-0182', '2022-04-02', '0361', '', '12750000', '0'),
(362, 54, 'JU-0182', '2022-04-02', '0362', '', '0', '12750000'),
(363, 5, 'JU-0183', '2022-04-02', '0363', '', '1350000', '0'),
(364, 54, 'JU-0183', '2022-04-02', '0364', '', '0', '1350000'),
(365, 5, 'JU-0184', '2022-04-04', '0365', '', '2700000', '0'),
(366, 54, 'JU-0184', '2022-04-04', '0366', '', '0', '2700000'),
(367, 5, 'JU-0185', '2022-04-04', '0367', '', '2700000', '0'),
(368, 54, 'JU-0185', '2022-04-04', '0368', '', '0', '2700000'),
(369, 5, 'JU-0186', '2022-04-04', '0369', '', '2700000', '0'),
(370, 54, 'JU-0186', '2022-04-04', '0370', '', '0', '2700000'),
(371, 5, 'JU-0187', '2022-04-04', '0371', '', '1350000', '0'),
(372, 54, 'JU-0187', '2022-04-04', '0372', '', '0', '1350000'),
(373, 5, 'JU-0188', '2022-04-04', '0373', '', '1350000', '0'),
(374, 54, 'JU-0188', '2022-04-04', '0374', '', '0', '1350000'),
(375, 5, 'JU-0189', '2022-04-04', '0375', '', '2700000', '0'),
(376, 54, 'JU-0189', '2022-04-04', '0376', '', '0', '2700000'),
(377, 5, 'JU-0190', '2022-04-04', '0377', '', '2700000', '0'),
(378, 54, 'JU-0190', '2022-04-04', '0378', '', '0', '2700000'),
(379, 5, 'JU-0191', '2022-04-04', '0379', '', '3975000', '0'),
(380, 54, 'JU-0191', '2022-04-04', '0380', '', '0', '3975000'),
(381, 5, 'JU-0192', '2022-04-04', '0381', '', '10000000', '0'),
(382, 54, 'JU-0192', '2022-04-04', '0382', '', '0', '10000000'),
(383, 5, 'JU-0193', '2022-04-04', '0383', '', '4200000', '0'),
(384, 54, 'JU-0193', '2022-04-04', '0384', '', '0', '4200000'),
(385, 5, 'JU-0194', '2022-04-04', '0385', '', '5125000', '0'),
(386, 54, 'JU-0194', '2022-04-04', '0386', '', '0', '5125000'),
(387, 5, 'JU-0195', '2022-04-04', '0387', '', '4200000', '0'),
(388, 54, 'JU-0195', '2022-04-04', '0388', '', '0', '4200000'),
(389, 5, 'JU-0196', '2022-04-04', '0389', '', '3975000', '0'),
(390, 54, 'JU-0196', '2022-04-04', '0390', '', '0', '3975000'),
(391, 5, 'JU-0197', '2022-04-07', '0391', '', '1350000', '0'),
(392, 54, 'JU-0197', '2022-04-07', '0392', '', '0', '1350000'),
(393, 5, 'JU-0198', '2022-04-11', '0393', '', '3975000', '0'),
(394, 54, 'JU-0198', '2022-04-11', '0394', '', '0', '3975000'),
(395, 5, 'JU-0199', '2022-04-11', '0395', '', '1422900', '0'),
(396, 54, 'JU-0199', '2022-04-11', '0396', '', '0', '1422900'),
(397, 5, 'JU-0200', '2022-04-12', '0397', '', '8835000', '0'),
(398, 54, 'JU-0200', '2022-04-12', '0398', '', '0', '8835000'),
(399, 5, 'JU-0201', '2022-04-12', '0399', '', '8922500', '0'),
(400, 54, 'JU-0201', '2022-04-12', '0400', '', '0', '8922500'),
(401, 5, 'JU-0202', '2022-04-16', '0401', '', '2700000', '0'),
(402, 54, 'JU-0202', '2022-04-16', '0402', '', '0', '2700000'),
(403, 5, 'JU-0203', '2022-04-16', '0403', '', '4417500', '0'),
(404, 54, 'JU-0203', '2022-04-16', '0404', '', '0', '4417500'),
(405, 5, 'JU-0204', '2022-04-18', '0405', '', '2100000', '0'),
(406, 54, 'JU-0204', '2022-04-18', '0406', '', '0', '2100000'),
(407, 5, 'JU-0205', '2022-04-18', '0407', '', '11234000', '0'),
(408, 54, 'JU-0205', '2022-04-18', '0408', '', '0', '11234000'),
(409, 5, 'JU-0206', '2022-04-18', '0409', '', '2100000', '0'),
(410, 54, 'JU-0206', '2022-04-18', '0410', '', '0', '2100000'),
(411, 5, 'JU-0207', '2022-04-18', '0411', '', '5125000', '0'),
(412, 54, 'JU-0207', '2022-04-18', '0412', '', '0', '5125000'),
(413, 5, 'JU-0208', '2022-04-18', '0413', '', '2100000', '0'),
(414, 54, 'JU-0208', '2022-04-18', '0414', '', '0', '2100000'),
(415, 5, 'JU-0209', '2022-04-18', '0415', '', '2100000', '0'),
(416, 54, 'JU-0209', '2022-04-18', '0416', '', '0', '2100000'),
(417, 5, 'JU-0210', '2022-04-18', '0417', '', '10000000', '0'),
(418, 54, 'JU-0210', '2022-04-18', '0418', '', '0', '10000000'),
(419, 5, 'JU-0211', '2022-04-18', '0419', '', '10000000', '0'),
(420, 54, 'JU-0211', '2022-04-18', '0420', '', '0', '10000000'),
(421, 5, 'JU-0212', '2022-04-18', '0421', '', '10000000', '0'),
(422, 54, 'JU-0212', '2022-04-18', '0422', '', '0', '10000000'),
(423, 5, 'JU-0213', '2022-04-18', '0423', '', '2100000', '0'),
(424, 54, 'JU-0213', '2022-04-18', '0424', '', '0', '2100000'),
(425, 5, 'JU-0214', '2022-04-18', '0425', '', '10000000', '0'),
(426, 54, 'JU-0214', '2022-04-18', '0426', '', '0', '10000000'),
(427, 5, 'JU-0215', '2022-04-18', '0427', '', '10000000', '0'),
(428, 54, 'JU-0215', '2022-04-18', '0428', '', '0', '10000000'),
(429, 5, 'JU-0216', '2022-04-18', '0429', '', '5125000', '0'),
(430, 54, 'JU-0216', '2022-04-18', '0430', '', '0', '5125000'),
(431, 5, 'JU-0217', '2022-04-19', '0431', '', '15000000', '0'),
(432, 54, 'JU-0217', '2022-04-19', '0432', '', '0', '15000000'),
(433, 5, 'JU-0218', '2022-04-19', '0433', '', '2100000', '0'),
(434, 54, 'JU-0218', '2022-04-19', '0434', '', '0', '2100000'),
(435, 5, 'JU-0219', '2022-04-19', '0435', '', '10000000', '0'),
(436, 54, 'JU-0219', '2022-04-19', '0436', '', '0', '10000000'),
(437, 5, 'JU-0220', '2022-04-19', '0437', '', '15000000', '0'),
(438, 54, 'JU-0220', '2022-04-19', '0438', '', '0', '15000000'),
(439, 5, 'JU-0221', '2022-04-19', '0439', '', '3150000', '0'),
(440, 54, 'JU-0221', '2022-04-19', '0440', '', '0', '3150000'),
(441, 5, 'JU-0222', '2022-04-19', '0441', '', '10000000', '0'),
(442, 54, 'JU-0222', '2022-04-19', '0442', '', '0', '10000000'),
(443, 5, 'JU-0223', '2022-04-19', '0443', '', '6150000', '0'),
(444, 54, 'JU-0223', '2022-04-19', '0444', '', '0', '6150000'),
(445, 5, 'JU-0224', '2022-04-19', '0445', '', '1422900', '0'),
(446, 54, 'JU-0224', '2022-04-19', '0446', '', '0', '1422900'),
(447, 5, 'JU-0225', '2022-04-20', '0447', '', '10000000', '0'),
(448, 54, 'JU-0225', '2022-04-20', '0448', '', '0', '10000000'),
(449, 5, 'JU-0226', '2022-04-20', '0449', '', '2750940', '0'),
(450, 54, 'JU-0226', '2022-04-20', '0450', '', '0', '2750940'),
(451, 5, 'JU-0227', '2022-04-20', '0451', '', '3150000', '0'),
(452, 54, 'JU-0227', '2022-04-20', '0452', '', '0', '3150000'),
(453, 5, 'JU-0228', '2022-04-20', '0453', '', '7175000', '0'),
(454, 54, 'JU-0228', '2022-04-20', '0454', '', '0', '7175000'),
(455, 5, 'JU-0229', '2022-04-21', '0455', '', '948600', '0'),
(456, 54, 'JU-0229', '2022-04-21', '0456', '', '0', '948600'),
(457, 5, 'JU-0230', '2022-04-21', '0457', '', '1020000', '0'),
(458, 54, 'JU-0230', '2022-04-21', '0458', '', '0', '1020000'),
(459, 51, 'JU-0231', '2022-04-21', '0459', NULL, '1463599', '0'),
(460, 5, 'JU-0231', '2022-04-21', '0460', NULL, '0', '1463599'),
(461, 5, 'JU-0232', '2022-04-22', '0461', '', '1530000', '0'),
(462, 54, 'JU-0232', '2022-04-22', '0462', '', '0', '1530000'),
(463, 5, 'JU-0233', '2022-04-25', '0463', '', '10000000', '0'),
(464, 54, 'JU-0233', '2022-04-25', '0464', '', '0', '10000000'),
(465, 5, 'JU-0234', '2022-04-25', '0465', '', '5125000', '0'),
(466, 54, 'JU-0234', '2022-04-25', '0466', '', '0', '5125000'),
(467, 5, 'JU-0235', '2022-04-25', '0467', '', '2100000', '0'),
(468, 54, 'JU-0235', '2022-04-25', '0468', '', '0', '2100000'),
(469, 59, 'JU-0236', '2022-04-19', '0469', NULL, '30272728', '0'),
(470, 5, 'JU-0236', '2022-04-19', '0470', NULL, '0', '30272728'),
(471, 43, 'JU-0237', '2022-04-20', '0471', NULL, '15000', '0'),
(472, 5, 'JU-0237', '2022-04-20', '0472', NULL, '0', '15000'),
(473, 43, 'JU-0238', '2022-04-20', '0473', NULL, '251500', '0'),
(474, 5, 'JU-0238', '2022-04-20', '0474', NULL, '0', '251500'),
(475, 72, 'JU-0239', '2022-04-06', '0475', NULL, '2000000', '0'),
(476, 5, 'JU-0239', '2022-04-06', '0476', NULL, '0', '2000000'),
(477, 72, 'JU-0240', '2022-04-07', '0477', NULL, '2500000', '0'),
(478, 5, 'JU-0240', '2022-04-07', '0478', NULL, '0', '2500000'),
(479, 72, 'JU-0241', '2022-04-14', '0479', NULL, '200000', '0'),
(480, 5, 'JU-0241', '2022-04-14', '0480', NULL, '0', '200000'),
(481, 72, 'JU-0242', '2022-04-16', '0481', NULL, '350000', '0'),
(482, 5, 'JU-0242', '2022-04-16', '0482', NULL, '0', '350000'),
(483, 69, 'JU-0243', '2022-04-25', '0483', NULL, '687500', '0'),
(484, 5, 'JU-0243', '2022-04-25', '0484', NULL, '0', '687500'),
(485, 68, 'JU-0244', '2022-04-25', '0485', NULL, '2500000', '0'),
(486, 5, 'JU-0244', '2022-04-25', '0486', NULL, '0', '2500000'),
(487, 63, 'JU-0245', '2022-04-25', '0487', NULL, '9818116', '0'),
(488, 5, 'JU-0245', '2022-04-25', '0488', NULL, '0', '9818116'),
(489, 62, 'JU-0246', '2022-04-18', '0489', NULL, '416000', '0'),
(490, 5, 'JU-0246', '2022-04-18', '0490', NULL, '0', '416000'),
(491, 62, 'JU-0247', '2022-04-22', '0491', NULL, '72600', '0'),
(492, 5, 'JU-0247', '2022-04-22', '0492', NULL, '0', '72600'),
(493, 64, 'JU-0248', '2022-04-25', '0493', NULL, '3387800', '0'),
(494, 5, 'JU-0248', '2022-04-25', '0494', NULL, '0', '3387800'),
(495, 71, 'JU-0249', '2022-04-25', '0495', NULL, '1639200', '0'),
(496, 5, 'JU-0249', '2022-04-25', '0496', NULL, '0', '1639200'),
(497, 5, 'JU-0250', '2022-04-25', '0497', '', '10000000', '0'),
(498, 54, 'JU-0250', '2022-04-25', '0498', '', '0', '10000000'),
(499, 70, 'JU-0251', '2022-04-25', '0499', NULL, '43325000', '0'),
(500, 5, 'JU-0251', '2022-04-25', '0500', NULL, '0', '43325000'),
(501, 59, 'JU-0252', '2022-04-25', '0501', NULL, '58000000', '0'),
(502, 5, 'JU-0252', '2022-04-25', '0502', NULL, '0', '58000000'),
(503, 72, 'JU-0253', '2022-04-25', '0503', NULL, '500000', '0'),
(504, 5, 'JU-0253', '2022-04-25', '0504', NULL, '0', '500000'),
(505, 71, 'JU-0254', '2022-04-25', '0505', NULL, '165000', '0'),
(506, 5, 'JU-0254', '2022-04-25', '0506', NULL, '0', '165000'),
(507, 72, 'JU-0255', '2022-04-26', '0507', NULL, '350000', '0'),
(508, 5, 'JU-0255', '2022-04-26', '0508', NULL, '0', '350000'),
(509, 5, 'JU-0256', '2022-04-26', '0509', '', '2000000', '0'),
(510, 54, 'JU-0256', '2022-04-26', '0510', '', '0', '2000000'),
(511, 64, 'JU-0257', '2022-04-27', '0511', NULL, '234000', '0'),
(512, 5, 'JU-0257', '2022-04-27', '0512', NULL, '0', '234000'),
(513, 5, 'JU-0258', '2022-04-28', '0513', '', '5700000', '0'),
(514, 54, 'JU-0258', '2022-04-28', '0514', '', '0', '5700000'),
(515, 5, 'JU-0259', '2022-04-28', '0515', 'Shopee ', '23983451', '0'),
(516, 54, 'JU-0259', '2022-04-28', '0516', '', '0', '23983451'),
(517, 5, 'JU-0260', '2022-04-28', '0517', 'Tiktokshop', '31006084', '0'),
(518, 54, 'JU-0260', '2022-04-28', '0518', '', '0', '31006084'),
(519, 5, 'JU-0261', '2022-04-28', '0519', '', '4417500', '0'),
(520, 54, 'JU-0261', '2022-04-28', '0520', '', '0', '4417500'),
(521, 5, 'JU-0262', '2022-04-28', '0521', '', '4417500', '0'),
(522, 54, 'JU-0262', '2022-04-28', '0522', '', '0', '4417500'),
(523, 43, 'JU-0263', '2022-05-05', '0523', NULL, '2164300', '0'),
(524, 5, 'JU-0263', '2022-05-05', '0524', NULL, '0', '2164300'),
(525, 43, 'JU-0264', '2022-05-06', '0525', NULL, '1169000', '0'),
(526, 5, 'JU-0264', '2022-05-06', '0526', NULL, '0', '1169000'),
(527, 72, 'JU-0265', '2022-05-09', '0527', NULL, '500000', '0'),
(528, 5, 'JU-0265', '2022-05-09', '0528', NULL, '0', '500000'),
(529, 71, 'JU-0266', '2022-05-09', '0529', NULL, '271000', '0'),
(530, 5, 'JU-0266', '2022-05-09', '0530', NULL, '0', '271000'),
(531, 71, 'JU-0267', '2022-05-09', '0531', NULL, '221200', '0'),
(532, 5, 'JU-0267', '2022-05-09', '0532', NULL, '0', '221200'),
(533, 71, 'JU-0268', '2022-05-09', '0533', NULL, '325000', '0'),
(534, 5, 'JU-0268', '2022-05-09', '0534', NULL, '0', '325000'),
(535, 5, 'JU-0269', '2022-05-09', '0535', '', '4408950', '0'),
(536, 54, 'JU-0269', '2022-05-09', '0536', '', '0', '4408950'),
(537, 5, 'JU-0270', '2022-05-09', '0537', '', '4754750', '0'),
(538, 54, 'JU-0270', '2022-05-09', '0538', '', '0', '4754750'),
(539, 5, 'JU-0271', '2022-05-09', '0539', '', '2000000', '0'),
(540, 54, 'JU-0271', '2022-05-09', '0540', '', '0', '2000000'),
(541, 5, 'JU-0272', '2022-05-09', '0541', '', '1392300', '0'),
(542, 54, 'JU-0272', '2022-05-09', '0542', '', '0', '1392300'),
(543, 5, 'JU-0273', '2022-05-09', '0543', '', '1530000', '0'),
(544, 54, 'JU-0273', '2022-05-09', '0544', '', '0', '1530000'),
(545, 5, 'JU-0274', '2022-05-10', '0545', '', '4322500', '0'),
(546, 54, 'JU-0274', '2022-05-10', '0546', '', '0', '4322500'),
(547, 5, 'JU-0275', '2022-05-10', '0547', '', '2730000', '0'),
(548, 54, 'JU-0275', '2022-05-10', '0548', '', '0', '2730000'),
(549, 5, 'JU-0276', '2022-05-14', '0549', '', '2730000', '0'),
(550, 54, 'JU-0276', '2022-05-14', '0550', '', '0', '2730000'),
(551, 5, 'JU-0277', '2022-05-17', '0551', '', '2000000', '0'),
(552, 54, 'JU-0277', '2022-05-17', '0552', '', '0', '2000000'),
(553, 5, 'JU-0278', '2022-05-17', '0553', '', '1020000', '0'),
(554, 54, 'JU-0278', '2022-05-17', '0554', '', '0', '1020000'),
(555, 5, 'JU-0279', '2022-05-18', '0555', '', '41234000', '0'),
(556, 54, 'JU-0279', '2022-05-18', '0556', '', '0', '41234000'),
(557, 5, 'JU-0280', '2022-05-18', '0557', '', '29400000', '0'),
(558, 54, 'JU-0280', '2022-05-18', '0558', '', '0', '29400000'),
(559, 5, 'JU-0281', '2022-05-18', '0559', '', '17000000', '0'),
(560, 54, 'JU-0281', '2022-05-18', '0560', '', '0', '17000000'),
(561, 5, 'JU-0282', '2022-05-18', '0561', '', '6587500', '0'),
(562, 54, 'JU-0282', '2022-05-18', '0562', '', '0', '6587500'),
(563, 5, 'JU-0283', '2022-05-18', '0563', '', '18900000', '0'),
(564, 54, 'JU-0283', '2022-05-18', '0564', '', '0', '18900000'),
(565, 5, 'JU-0284', '2022-05-18', '0565', '', '23100000', '0'),
(566, 54, 'JU-0284', '2022-05-18', '0566', '', '0', '23100000'),
(567, 5, 'JU-0285', '2022-05-18', '0567', '', '21000000', '0'),
(568, 54, 'JU-0285', '2022-05-18', '0568', '', '0', '21000000'),
(569, 5, 'JU-0287', '2022-05-19', '0571', '', '8400000', '0'),
(570, 54, 'JU-0287', '2022-05-19', '0572', '', '0', '8400000'),
(571, 5, 'JU-0288', '2022-05-19', '0573', '', '21000000', '0'),
(572, 54, 'JU-0288', '2022-05-19', '0574', '', '0', '21000000'),
(573, 5, 'JU-0289', '2022-05-19', '0575', '', '23310000', '0'),
(574, 54, 'JU-0289', '2022-05-19', '0576', '', '0', '23310000'),
(575, 5, 'JU-0290', '2022-05-19', '0577', '', '4300000', '0'),
(576, 54, 'JU-0290', '2022-05-19', '0578', '', '0', '4300000'),
(577, 43, 'JU-0291', '2022-05-12', '0579', NULL, '10000', '0'),
(578, 5, 'JU-0291', '2022-05-12', '0580', NULL, '0', '10000'),
(579, 43, 'JU-0292', '2022-05-18', '0581', NULL, '127000', '0'),
(580, 5, 'JU-0292', '2022-05-18', '0582', NULL, '0', '127000'),
(581, 64, 'JU-0293', '2022-05-18', '0583', NULL, '1523000', '0'),
(582, 5, 'JU-0293', '2022-05-18', '0584', NULL, '0', '1523000'),
(583, 71, 'JU-0294', '2022-05-17', '0585', NULL, '5600000', '0'),
(584, 5, 'JU-0294', '2022-05-17', '0586', NULL, '0', '5600000'),
(585, 59, 'JU-0295', '2022-05-19', '0587', NULL, '136000000', '0'),
(586, 5, 'JU-0295', '2022-05-19', '0588', NULL, '0', '136000000'),
(587, 59, 'JU-0296', '2022-05-19', '0589', NULL, '20000000', '0'),
(588, 5, 'JU-0296', '2022-05-19', '0590', NULL, '0', '20000000'),
(589, 5, 'JU-0297', '2022-05-23', '0591', '', '4322500', '0'),
(590, 54, 'JU-0297', '2022-05-23', '0592', '', '0', '4322500'),
(591, 5, 'JU-0298', '2022-05-23', '0593', '', '10500000', '0'),
(592, 54, 'JU-0298', '2022-05-23', '0594', '', '0', '10500000'),
(593, 5, 'JU-0299', '2022-05-25', '0595', '', '4322500', '0'),
(594, 54, 'JU-0299', '2022-05-25', '0596', '', '0', '4322500'),
(595, 43, 'JU-0300', '2022-05-25', '0597', NULL, '141500', '0'),
(596, 5, 'JU-0300', '2022-05-25', '0598', NULL, '0', '141500'),
(597, 64, 'JU-0301', '2022-05-27', '0599', NULL, '129000', '0'),
(598, 5, 'JU-0301', '2022-05-27', '0600', NULL, '0', '129000'),
(599, 5, 'JU-0302', '2022-05-25', '0601', '', '1670760', '0'),
(600, 54, 'JU-0302', '2022-05-25', '0602', '', '0', '1670760'),
(601, 59, 'JU-0303', '2022-05-28', '0603', NULL, '4600000', '0'),
(602, 5, 'JU-0303', '2022-05-28', '0604', NULL, '0', '4600000'),
(603, 71, 'JU-0304', '2022-05-28', '0605', NULL, '243000', '0'),
(604, 5, 'JU-0304', '2022-05-28', '0606', NULL, '0', '243000'),
(605, 43, 'JU-0305', '2022-05-28', '0607', NULL, '1249990', '0'),
(606, 5, 'JU-0305', '2022-05-28', '0608', NULL, '0', '1249990'),
(607, 71, 'JU-0306', '2022-05-30', '0609', NULL, '312000', '0'),
(608, 5, 'JU-0306', '2022-05-30', '0610', NULL, '0', '312000'),
(609, 59, 'JU-0307', '2022-05-30', '0611', NULL, '119000', '0'),
(610, 5, 'JU-0307', '2022-05-30', '0612', NULL, '0', '119000'),
(611, 62, 'JU-0308', '2022-05-30', '0613', NULL, '320800', '0'),
(612, 5, 'JU-0308', '2022-05-30', '0614', NULL, '0', '320800'),
(613, 62, 'JU-0309', '2022-05-31', '0615', NULL, '579200', '0'),
(614, 5, 'JU-0309', '2022-05-31', '0616', NULL, '0', '579200'),
(615, 51, 'JU-0310', '2022-05-31', '0617', NULL, '1197335', '0'),
(616, 5, 'JU-0310', '2022-05-31', '0618', NULL, '0', '1197335'),
(617, 5, 'JU-0311', '2022-05-31', '0619', 'SHOPEE', '14898192', '0'),
(618, 54, 'JU-0311', '2022-05-31', '0620', '', '0', '14898192'),
(619, 5, 'JU-0312', '2022-05-31', '0621', 'TIKTOK', '43809038', '0'),
(620, 54, 'JU-0312', '2022-05-31', '0622', '', '0', '43809038'),
(621, 63, 'JU-0313', '2022-05-31', '0623', NULL, '9818116', '0'),
(622, 5, 'JU-0313', '2022-05-31', '0624', NULL, '0', '9818116'),
(623, 69, 'JU-0314', '2022-05-31', '0625', NULL, '687500', '0'),
(624, 5, 'JU-0314', '2022-05-31', '0626', NULL, '0', '687500'),
(625, 68, 'JU-0315', '2022-05-31', '0627', NULL, '2500000', '0'),
(626, 5, 'JU-0315', '2022-05-31', '0628', NULL, '0', '2500000'),
(627, 5, 'JU-0316', '2022-06-02', '0629', '', '4300000', '0'),
(628, 54, 'JU-0316', '2022-06-02', '0630', '', '0', '4300000'),
(629, 5, 'JU-0317', '2022-06-02', '0631', '', '5160000', '0'),
(630, 54, 'JU-0317', '2022-06-02', '0632', '', '0', '5160000'),
(631, 5, 'JU-0318', '2022-06-02', '0633', '', '2150000', '0'),
(632, 54, 'JU-0318', '2022-06-02', '0634', '', '0', '2150000'),
(633, 5, 'JU-0319', '2022-06-02', '0635', '', '8500000', '0'),
(634, 54, 'JU-0319', '2022-06-02', '0636', '', '0', '8500000'),
(635, 5, 'JU-0320', '2022-06-02', '0637', '', '4300000', '0'),
(636, 54, 'JU-0320', '2022-06-02', '0638', '', '0', '4300000'),
(637, 5, 'JU-0321', '2022-06-02', '0639', '', '62000000', '0'),
(638, 54, 'JU-0321', '2022-06-02', '0640', '', '0', '62000000'),
(639, 5, 'JU-0322', '2022-06-02', '0641', '', '2150000', '0'),
(640, 54, 'JU-0322', '2022-06-02', '0642', '', '0', '2150000'),
(641, 5, 'JU-0323', '2022-06-02', '0643', '', '6587500', '0'),
(642, 54, 'JU-0323', '2022-06-02', '0644', '', '0', '6587500'),
(643, 5, 'JU-0324', '2022-06-02', '0645', '', '4300000', '0'),
(644, 54, 'JU-0324', '2022-06-02', '0646', '', '0', '4300000'),
(645, 5, 'JU-0325', '2022-06-02', '0647', '', '12750000', '0'),
(646, 54, 'JU-0325', '2022-06-02', '0648', '', '0', '12750000'),
(647, 5, 'JU-0326', '2022-06-02', '0649', '', '8500000', '0'),
(648, 54, 'JU-0326', '2022-06-02', '0650', '', '0', '8500000'),
(649, 5, 'JU-0327', '2022-06-03', '0651', '', '2150000', '0'),
(650, 54, 'JU-0327', '2022-06-03', '0652', '', '0', '2150000'),
(651, 5, 'JU-0328', '2022-06-03', '0653', '', '29400000', '0'),
(652, 54, 'JU-0328', '2022-06-03', '0654', '', '0', '29400000'),
(653, 5, 'JU-0329', '2022-06-03', '0655', '', '29400000', '0'),
(654, 54, 'JU-0329', '2022-06-03', '0656', '', '0', '29400000'),
(655, 5, 'JU-0330', '2022-06-03', '0657', '', '2000000', '0'),
(656, 54, 'JU-0330', '2022-06-03', '0658', '', '0', '2000000'),
(657, 5, 'JU-0331', '2022-06-03', '0659', '', '4300000', '0'),
(658, 54, 'JU-0331', '2022-06-03', '0660', '', '0', '4300000'),
(659, 5, 'JU-0332', '2022-06-03', '0661', '', '8500000', '0'),
(660, 54, 'JU-0332', '2022-06-03', '0662', '', '0', '8500000'),
(661, 5, 'JU-0333', '2022-06-03', '0663', '', '1020000', '0'),
(662, 54, 'JU-0333', '2022-06-03', '0664', '', '0', '1020000'),
(663, 5, 'JU-0334', '2022-06-03', '0665', '', '1020000', '0'),
(664, 54, 'JU-0334', '2022-06-03', '0666', '', '0', '1020000'),
(665, 5, 'JU-0335', '2022-06-04', '0667', '', '54600000', '0'),
(666, 54, 'JU-0335', '2022-06-04', '0668', '', '0', '54600000'),
(667, 5, 'JU-0336', '2022-06-04', '0669', '', '6587500', '0'),
(668, 54, 'JU-0336', '2022-06-04', '0670', '', '0', '6587500'),
(669, 5, 'JU-0337', '2022-06-04', '0671', '', '2150000', '0'),
(670, 54, 'JU-0337', '2022-06-04', '0672', '', '0', '2150000'),
(671, 5, 'JU-0338', '2022-06-06', '0673', '', '4322500', '0'),
(672, 54, 'JU-0338', '2022-06-06', '0674', '', '0', '4322500'),
(673, 5, 'JU-0339', '2022-06-07', '0675', '', '18900000', '0'),
(674, 54, 'JU-0339', '2022-06-07', '0676', '', '0', '18900000'),
(675, 5, 'JU-0340', '2022-06-07', '0677', '', '2150000', '0'),
(676, 54, 'JU-0340', '2022-06-07', '0678', '', '0', '2150000'),
(677, 5, 'JU-0341', '2022-06-07', '0679', '', '4300000', '0'),
(678, 54, 'JU-0341', '2022-06-07', '0680', '', '0', '4300000'),
(679, 5, 'JU-0342', '2022-06-07', '0681', '', '2150000', '0'),
(680, 54, 'JU-0342', '2022-06-07', '0682', '', '0', '2150000'),
(681, 5, 'JU-0343', '2022-06-08', '0683', '', '6587500', '0'),
(682, 54, 'JU-0343', '2022-06-08', '0684', '', '0', '6587500'),
(683, 5, 'JU-0344', '2022-06-08', '0685', '', '6587500', '0'),
(684, 54, 'JU-0344', '2022-06-08', '0686', '', '0', '6587500'),
(685, 5, 'JU-0345', '2022-06-08', '0687', '', '2150000', '0'),
(686, 54, 'JU-0345', '2022-06-08', '0688', '', '0', '2150000'),
(687, 5, 'JU-0346', '2022-06-08', '0689', '', '4300000', '0'),
(688, 54, 'JU-0346', '2022-06-08', '0690', '', '0', '4300000'),
(689, 5, 'JU-0347', '2022-06-08', '0691', '', '1020000', '0'),
(690, 54, 'JU-0347', '2022-06-08', '0692', '', '0', '1020000'),
(691, 5, 'JU-0348', '2022-06-08', '0693', '', '4300000', '0'),
(692, 54, 'JU-0348', '2022-06-08', '0694', '', '0', '4300000'),
(693, 5, 'JU-0349', '2022-06-09', '0695', '', '4322500', '0'),
(694, 54, 'JU-0349', '2022-06-09', '0696', '', '0', '4322500'),
(695, 5, 'JU-0350', '2022-06-09', '0697', '', '928200', '0'),
(696, 54, 'JU-0350', '2022-06-09', '0698', '', '0', '928200'),
(697, 5, 'JU-0351', '2022-06-09', '0699', '', '6450000', '0'),
(698, 54, 'JU-0351', '2022-06-09', '0700', '', '0', '6450000'),
(699, 43, 'JU-0352', '2022-06-06', '0701', NULL, '96000', '0'),
(700, 5, 'JU-0352', '2022-06-06', '0702', NULL, '0', '96000'),
(701, 43, 'JU-0353', '2022-06-08', '0703', NULL, '23000', '0'),
(702, 5, 'JU-0353', '2022-06-08', '0704', NULL, '0', '23000'),
(703, 43, 'JU-0354', '2022-06-09', '0705', NULL, '15000', '0'),
(704, 5, 'JU-0354', '2022-06-09', '0706', NULL, '0', '15000'),
(705, 72, 'JU-0355', '2022-06-07', '0707', NULL, '500000', '0'),
(706, 5, 'JU-0355', '2022-06-07', '0708', NULL, '0', '500000'),
(707, 64, 'JU-0356', '2022-06-03', '0709', NULL, '876000', '0'),
(708, 5, 'JU-0356', '2022-06-03', '0710', NULL, '0', '876000'),
(709, 64, 'JU-0357', '2022-06-06', '0711', NULL, '1316500', '0'),
(710, 5, 'JU-0357', '2022-06-06', '0712', NULL, '0', '1316500'),
(711, 64, 'JU-0358', '2022-06-09', '0713', NULL, '432500', '0'),
(712, 5, 'JU-0358', '2022-06-09', '0714', NULL, '0', '432500'),
(713, 62, 'JU-0359', '2022-06-04', '0715', NULL, '987200', '0'),
(714, 5, 'JU-0359', '2022-06-04', '0716', NULL, '0', '987200'),
(715, 71, 'JU-0360', '2022-06-03', '0717', NULL, '822000', '0'),
(716, 5, 'JU-0360', '2022-06-03', '0718', NULL, '0', '822000'),
(717, 5, 'JU-0361', '2022-06-09', '0719', '', '6587500', '0'),
(718, 54, 'JU-0361', '2022-06-09', '0720', '', '0', '6587500'),
(719, 5, 'JU-0362', '2022-06-09', '0721', '', '4300000', '0'),
(720, 54, 'JU-0362', '2022-06-09', '0722', '', '0', '4300000'),
(721, 5, 'JU-0363', '2022-06-09', '0723', '', '11475000', '0'),
(722, 54, 'JU-0363', '2022-06-09', '0724', '', '0', '11475000'),
(723, 5, 'JU-0365', '2022-06-09', '0727', '', '4300000', '0'),
(724, 54, 'JU-0365', '2022-06-09', '0728', '', '0', '4300000'),
(725, 5, 'JU-0366', '2022-06-09', '0729', '', '8500000', '0'),
(726, 54, 'JU-0366', '2022-06-09', '0730', '', '0', '8500000'),
(727, 5, 'JU-0367', '2022-06-09', '0731', '', '6587500', '0'),
(728, 54, 'JU-0367', '2022-06-09', '0732', '', '0', '6587500'),
(729, 43, 'JU-0368', '2022-06-10', '0733', NULL, '49000', '0'),
(730, 5, 'JU-0368', '2022-06-10', '0734', NULL, '0', '49000'),
(731, 64, 'JU-0369', '2022-06-10', '0735', NULL, '780200', '0'),
(732, 5, 'JU-0369', '2022-06-10', '0736', NULL, '0', '780200'),
(733, 71, 'JU-0370', '2022-06-10', '0737', NULL, '166000', '0'),
(734, 5, 'JU-0370', '2022-06-10', '0738', NULL, '0', '166000'),
(735, 72, 'JU-0371', '2022-06-11', '0739', NULL, '11850', '0'),
(736, 5, 'JU-0371', '2022-06-11', '0740', NULL, '0', '11850'),
(737, 70, 'JU-0372', '2022-06-11', '0741', NULL, '1000000', '0'),
(738, 5, 'JU-0372', '2022-06-11', '0742', NULL, '0', '1000000'),
(739, 71, 'JU-0373', '2022-06-11', '0743', NULL, '18000', '0'),
(740, 5, 'JU-0373', '2022-06-11', '0744', NULL, '0', '18000'),
(741, 64, 'JU-0374', '2022-06-13', '0745', NULL, '1682000', '0'),
(742, 5, 'JU-0374', '2022-06-13', '0746', NULL, '0', '1682000'),
(743, 63, 'JU-0375', '2022-06-13', '0747', NULL, '2150000', '0'),
(744, 5, 'JU-0375', '2022-06-13', '0748', NULL, '0', '2150000'),
(745, 72, 'JU-0376', '2022-06-13', '0749', NULL, '295000', '0'),
(746, 5, 'JU-0376', '2022-06-13', '0750', NULL, '0', '295000'),
(747, 43, 'JU-0377', '2022-06-13', '0751', NULL, '9000', '0'),
(748, 5, 'JU-0377', '2022-06-13', '0752', NULL, '0', '9000'),
(749, 59, 'JU-0378', '2022-06-14', '0753', NULL, '204000000', '0'),
(750, 5, 'JU-0378', '2022-06-14', '0754', NULL, '0', '204000000'),
(751, 43, 'JU-0379', '2022-06-16', '0755', NULL, '25000', '0'),
(752, 5, 'JU-0379', '2022-06-16', '0756', NULL, '0', '25000'),
(753, 43, 'JU-0380', '2022-06-17', '0757', NULL, '125000', '0'),
(754, 5, 'JU-0380', '2022-06-17', '0758', NULL, '0', '125000'),
(755, 63, 'JU-0381', '2022-06-02', '0759', NULL, '2200000', '0'),
(756, 5, 'JU-0381', '2022-06-02', '0760', NULL, '0', '2200000'),
(757, 63, 'JU-0382', '2022-06-09', '0761', NULL, '1500000', '0'),
(758, 5, 'JU-0382', '2022-06-09', '0762', NULL, '0', '1500000'),
(759, 63, 'JU-0383', '2022-06-18', '0763', NULL, '1234000', '0'),
(760, 5, 'JU-0383', '2022-06-18', '0764', NULL, '0', '1234000'),
(761, 59, 'JU-0384', '2022-06-18', '0765', NULL, '45000000', '0'),
(762, 5, 'JU-0384', '2022-06-18', '0766', NULL, '0', '45000000'),
(763, 5, 'JU-0385', '2022-06-20', '0767', '', '2000000', '0'),
(764, 54, 'JU-0385', '2022-06-20', '0768', '', '0', '2000000'),
(765, 63, 'JU-0386', '2022-06-20', '0769', NULL, '3618116', '0'),
(766, 5, 'JU-0386', '2022-06-20', '0770', NULL, '0', '3618116'),
(767, 71, 'JU-0387', '2022-06-20', '0771', NULL, '54000', '0'),
(768, 5, 'JU-0387', '2022-06-20', '0772', NULL, '0', '54000'),
(769, 64, 'JU-0388', '2022-06-21', '0773', NULL, '128000', '0'),
(770, 5, 'JU-0388', '2022-06-21', '0774', NULL, '0', '128000'),
(771, 71, 'JU-0389', '2022-06-22', '0775', NULL, '290000', '0'),
(772, 5, 'JU-0389', '2022-06-22', '0776', NULL, '0', '290000'),
(773, 63, 'JU-0390', '2022-06-22', '0777', NULL, '3500000', '0'),
(774, 5, 'JU-0390', '2022-06-22', '0778', NULL, '0', '3500000'),
(775, 5, 'JU-0392', '2022-06-22', '0781', '', '1275000', '0'),
(776, 54, 'JU-0392', '2022-06-22', '0782', '', '0', '1275000'),
(777, 5, 'JU-0393', '2022-06-22', '0783', '', '1275000', '0'),
(778, 54, 'JU-0393', '2022-06-22', '0784', '', '0', '1275000'),
(779, 5, 'JU-0394', '2022-06-22', '0785', '', '6250000', '0'),
(780, 54, 'JU-0394', '2022-06-22', '0786', '', '0', '6250000'),
(781, 5, 'JU-0395', '2022-06-22', '0787', '', '17150000', '0'),
(782, 54, 'JU-0395', '2022-06-22', '0788', '', '0', '17150000'),
(783, 5, 'JU-0396', '2022-06-22', '0789', '', '3750000', '0'),
(784, 54, 'JU-0396', '2022-06-22', '0790', '', '0', '3750000'),
(785, 5, 'JU-0397', '2022-06-22', '0791', '', '1275000', '0'),
(786, 54, 'JU-0397', '2022-06-22', '0792', '', '0', '1275000'),
(787, 5, 'JU-0398', '2022-06-22', '0793', '', '11025000', '0'),
(788, 54, 'JU-0398', '2022-06-22', '0794', '', '0', '11025000'),
(789, 5, 'JU-0399', '2022-06-22', '0795', '', '2550000', '0'),
(790, 54, 'JU-0399', '2022-06-22', '0796', '', '0', '2550000'),
(791, 5, 'JU-0400', '2022-06-22', '0797', '', '5000000', '0'),
(792, 54, 'JU-0400', '2022-06-22', '0798', '', '0', '5000000'),
(793, 5, 'JU-0401', '2022-06-22', '0799', '', '5000000', '0'),
(794, 54, 'JU-0401', '2022-06-22', '0800', '', '0', '5000000'),
(795, 5, 'JU-0402', '2022-06-22', '0801', '', '3750000', '0'),
(796, 54, 'JU-0402', '2022-06-22', '0802', '', '0', '3750000'),
(797, 5, 'JU-0403', '2022-06-22', '0803', '', '3750000', '0'),
(798, 54, 'JU-0403', '2022-06-22', '0804', '', '0', '3750000'),
(799, 5, 'JU-0404', '2022-06-22', '0805', '', '2550000', '0'),
(800, 54, 'JU-0404', '2022-06-22', '0806', '', '0', '2550000'),
(801, 5, 'JU-0405', '2022-06-22', '0807', '', '3750000', '0'),
(802, 54, 'JU-0405', '2022-06-22', '0808', '', '0', '3750000'),
(803, 5, 'JU-0406', '2022-06-22', '0809', '', '12250000', '0'),
(804, 54, 'JU-0406', '2022-06-22', '0810', '', '0', '12250000'),
(805, 5, 'JU-0407', '2022-06-22', '0811', '', '4225000', '0');
INSERT INTO `jurnal_umum` (`id`, `id_perkiraan_akun`, `kode_transaksi`, `tanggal`, `no_transaksi`, `keterangan`, `debit`, `kredit`) VALUES
(806, 54, 'JU-0407', '2022-06-22', '0812', '', '0', '4225000'),
(807, 5, 'JU-0408', '2022-06-22', '0813', '', '3750000', '0'),
(808, 54, 'JU-0408', '2022-06-22', '0814', '', '0', '3750000'),
(809, 5, 'JU-0409', '2022-06-22', '0815', '', '1275000', '0'),
(810, 54, 'JU-0409', '2022-06-22', '0816', '', '0', '1275000'),
(811, 5, 'JU-0410', '2022-06-22', '0817', '', '2203200', '0'),
(812, 54, 'JU-0410', '2022-06-22', '0818', '', '0', '2203200'),
(813, 5, 'JU-0411', '2022-06-22', '0819', '', '2550000', '0'),
(814, 54, 'JU-0411', '2022-06-22', '0820', '', '0', '2550000'),
(815, 5, 'JU-0412', '2022-06-22', '0821', '', '3774000', '0'),
(816, 54, 'JU-0412', '2022-06-22', '0822', '', '0', '3774000'),
(817, 71, 'JU-0413', '2022-06-23', '0823', NULL, '42000', '0'),
(818, 5, 'JU-0413', '2022-06-23', '0824', NULL, '0', '42000'),
(819, 71, 'JU-0414', '2022-06-23', '0825', NULL, '33500', '0'),
(820, 5, 'JU-0414', '2022-06-23', '0826', NULL, '0', '33500'),
(821, 64, 'JU-0415', '2022-06-23', '0827', NULL, '1279000', '0'),
(822, 5, 'JU-0415', '2022-06-23', '0828', NULL, '0', '1279000'),
(823, 72, 'JU-0416', '2022-06-24', '0829', NULL, '96000', '0'),
(824, 5, 'JU-0416', '2022-06-24', '0830', NULL, '0', '96000'),
(825, 72, 'JU-0417', '2022-06-24', '0831', NULL, '59200', '0'),
(826, 5, 'JU-0417', '2022-06-24', '0832', NULL, '0', '59200'),
(827, 5, 'JU-0418', '2022-06-24', '0833', '', '1275000', '0'),
(828, 54, 'JU-0418', '2022-06-24', '0834', '', '0', '1275000'),
(829, 72, 'JU-0419', '2022-06-24', '0835', NULL, '109550', '0'),
(830, 5, 'JU-0419', '2022-06-24', '0836', NULL, '0', '109550'),
(831, 71, 'JU-0420', '2022-06-25', '0837', NULL, '46500', '0'),
(832, 5, 'JU-0420', '2022-06-25', '0838', NULL, '0', '46500'),
(833, 70, 'JU-0421', '2022-06-25', '0839', NULL, '741000', '0'),
(834, 5, 'JU-0421', '2022-06-25', '0840', NULL, '0', '741000'),
(835, 70, 'JU-0422', '2022-06-25', '0841', NULL, '15000000', '0'),
(836, 5, 'JU-0422', '2022-06-25', '0842', NULL, '0', '15000000'),
(837, 5, 'JU-0423', '2022-06-27', '0843', '', '2150000', '0'),
(838, 54, 'JU-0423', '2022-06-27', '0844', '', '0', '2150000'),
(839, 5, 'JU-0424', '2022-06-30', '0845', '', '1392300', '0'),
(840, 54, 'JU-0424', '2022-06-30', '0846', '', '0', '1392300'),
(841, 5, 'JU-0425', '2022-06-30', '0847', '', '8500000', '0'),
(842, 54, 'JU-0425', '2022-06-30', '0848', '', '0', '8500000'),
(843, 5, 'JU-0426', '2022-06-30', '0849', 'revenue tiktok', '39337083', '0'),
(844, 54, 'JU-0426', '2022-06-30', '0850', '', '0', '39337083'),
(845, 5, 'JU-0427', '2022-06-30', '0851', 'pendapatan shopee', '32022030', '0'),
(846, 54, 'JU-0427', '2022-06-30', '0852', '', '0', '32022030'),
(847, 5, 'JU-0428', '2022-06-30', '0853', 'pendapatan tokopedia', '18133000', '0'),
(848, 54, 'JU-0428', '2022-06-30', '0854', '', '0', '18133000'),
(849, 72, 'JU-0429', '2022-06-30', '0855', NULL, '656153', '0'),
(850, 5, 'JU-0429', '2022-06-30', '0856', NULL, '0', '656153'),
(851, 72, 'JU-0430', '2022-06-30', '0857', NULL, '114800', '0'),
(852, 5, 'JU-0430', '2022-06-30', '0858', NULL, '0', '114800'),
(853, 68, 'JU-0432', '2022-06-30', '0861', NULL, '2500000', '0'),
(854, 5, 'JU-0432', '2022-06-30', '0862', NULL, '0', '2500000'),
(855, 69, 'JU-0433', '2022-06-30', '0863', NULL, '687500', '0'),
(856, 5, 'JU-0433', '2022-06-30', '0864', NULL, '0', '687500'),
(857, 63, 'JU-0434', '2022-06-30', '0865', NULL, '2500000', '0'),
(858, 5, 'JU-0434', '2022-06-30', '0866', NULL, '0', '2500000'),
(859, 63, 'JU-0435', '2022-06-30', '0867', NULL, '10000000', '0'),
(860, 5, 'JU-0435', '2022-06-30', '0868', NULL, '0', '10000000'),
(861, 51, 'JU-0436', '2022-06-30', '0869', NULL, '877732', '0'),
(862, 5, 'JU-0436', '2022-06-30', '0870', NULL, '0', '877732'),
(863, 51, 'JU-0437', '2022-06-30', '0871', NULL, '663208', '0'),
(864, 5, 'JU-0437', '2022-06-30', '0872', NULL, '0', '663208'),
(865, 63, 'JU-0438', '2022-07-02', '0873', NULL, '12200000', '0'),
(866, 5, 'JU-0438', '2022-07-02', '0874', NULL, '0', '12200000'),
(867, 64, 'JU-0439', '2022-07-02', '0875', NULL, '40000', '0'),
(868, 5, 'JU-0439', '2022-07-02', '0877', NULL, '0', '40000'),
(869, 71, 'JU-0440', '2022-07-01', '0878', NULL, '129500', '0'),
(870, 5, 'JU-0440', '2022-07-01', '0879', NULL, '0', '129500'),
(871, 5, 'JU-0441', '2022-07-02', '0880', '', '2000000', '0'),
(872, 54, 'JU-0441', '2022-07-02', '0881', '', '0', '2000000'),
(873, 71, 'JU-0442', '2022-07-04', '0882', NULL, '45000', '0'),
(874, 5, 'JU-0442', '2022-07-04', '0883', NULL, '0', '45000'),
(875, 72, 'JU-0443', '2022-07-04', '0884', NULL, '121000', '0'),
(876, 5, 'JU-0443', '2022-07-04', '0885', NULL, '0', '121000'),
(877, 43, 'JU-0444', '2022-07-05', '0886', NULL, '80500', '0'),
(878, 5, 'JU-0444', '2022-07-05', '0887', NULL, '0', '80500'),
(879, 70, 'JU-0445', '2022-07-05', '0888', NULL, '3830000', '0'),
(880, 5, 'JU-0445', '2022-07-05', '0889', NULL, '0', '3830000'),
(881, 47, 'JU-0446', '2022-07-05', '0890', NULL, '150000', '0'),
(882, 5, 'JU-0446', '2022-07-05', '0891', NULL, '0', '150000'),
(883, 43, 'JU-0447', '2022-07-05', '0892', NULL, '30000', '0'),
(884, 5, 'JU-0447', '2022-07-05', '0893', NULL, '0', '30000'),
(885, 71, 'JU-0448', '2022-07-06', '0894', NULL, '45000', '0'),
(886, 5, 'JU-0448', '2022-07-06', '0895', NULL, '0', '45000'),
(887, 43, 'JU-0449', '2022-07-06', '0896', NULL, '52000', '0'),
(888, 5, 'JU-0449', '2022-07-06', '0897', NULL, '0', '52000'),
(889, 43, 'JU-0450', '2022-07-07', '0898', NULL, '11500', '0'),
(890, 5, 'JU-0450', '2022-07-07', '0899', NULL, '0', '11500'),
(891, 43, 'JU-0451', '2022-07-11', '0900', NULL, '20000', '0'),
(892, 5, 'JU-0451', '2022-07-11', '0901', NULL, '0', '20000'),
(893, 43, 'JU-0452', '2022-07-13', '0902', NULL, '17500', '0'),
(894, 5, 'JU-0452', '2022-07-13', '0903', NULL, '0', '17500'),
(895, 72, 'JU-0453', '2022-07-08', '0904', NULL, '500000', '0'),
(896, 5, 'JU-0453', '2022-07-08', '0905', NULL, '0', '500000'),
(897, 63, 'JU-0454', '2022-07-09', '0906', NULL, '1500000', '0'),
(898, 5, 'JU-0454', '2022-07-09', '0907', NULL, '0', '1500000'),
(899, 72, 'JU-0455', '2022-07-11', '0908', NULL, '59000', '0'),
(900, 5, 'JU-0455', '2022-07-11', '0909', NULL, '0', '59000'),
(901, 63, 'JU-0456', '2022-07-11', '0910', NULL, '1200000', '0'),
(902, 5, 'JU-0456', '2022-07-11', '0911', NULL, '0', '1200000'),
(903, 72, 'JU-0457', '2022-07-13', '0912', NULL, '99000', '0'),
(904, 5, 'JU-0457', '2022-07-13', '0913', NULL, '0', '99000'),
(905, 64, 'JU-0458', '2022-07-05', '0914', NULL, '565000', '0'),
(906, 5, 'JU-0458', '2022-07-05', '0915', NULL, '0', '565000'),
(907, 64, 'JU-0459', '2022-07-06', '0916', NULL, '50000', '0'),
(908, 5, 'JU-0459', '2022-07-06', '0917', NULL, '0', '50000'),
(909, 62, 'JU-0460', '2022-07-08', '0918', NULL, '1213300', '0'),
(910, 5, 'JU-0460', '2022-07-08', '0919', NULL, '0', '1213300'),
(911, 71, 'JU-0461', '2022-07-03', '0920', NULL, '152000', '0'),
(912, 5, 'JU-0461', '2022-07-03', '0921', NULL, '0', '152000'),
(913, 71, 'JU-0462', '2022-07-07', '0922', NULL, '167500', '0'),
(914, 5, 'JU-0462', '2022-07-07', '0923', NULL, '0', '167500'),
(915, 71, 'JU-0463', '2022-07-08', '0924', NULL, '45000', '0'),
(916, 5, 'JU-0463', '2022-07-08', '0925', NULL, '0', '45000'),
(917, 71, 'JU-0464', '2022-07-11', '0926', NULL, '232000', '0'),
(918, 5, 'JU-0464', '2022-07-11', '0927', NULL, '0', '232000'),
(919, 5, 'JU-0465', '2022-07-12', '0928', '', '22020000', '0'),
(920, 54, 'JU-0465', '2022-07-12', '0929', '', '0', '22020000'),
(921, 5, 'JU-0466', '2022-07-12', '0930', '', '2150000', '0'),
(922, 54, 'JU-0466', '2022-07-12', '0931', '', '0', '2150000'),
(923, 5, 'JU-0467', '2022-07-12', '0932', '', '10625000', '0'),
(924, 54, 'JU-0467', '2022-07-12', '0933', '', '0', '10625000'),
(925, 5, 'JU-0469', '2022-07-13', '0936', '', '18900000', '0'),
(926, 54, 'JU-0469', '2022-07-13', '0937', '', '0', '18900000'),
(927, 5, 'JU-0470', '2022-07-14', '0938', '', '29550000', '0'),
(928, 54, 'JU-0470', '2022-07-14', '0939', '', '0', '29550000'),
(929, 71, 'JU-0471', '2022-07-14', '0940', NULL, '384300', '0'),
(930, 5, 'JU-0471', '2022-07-14', '0941', NULL, '0', '384300'),
(931, 59, 'JU-0472', '2022-07-14', '0942', NULL, '2313000', '0'),
(932, 5, 'JU-0472', '2022-07-14', '0943', NULL, '0', '2313000'),
(933, 71, 'JU-0473', '2022-07-14', '0944', NULL, '135000', '0'),
(934, 5, 'JU-0473', '2022-07-14', '0945', NULL, '0', '135000'),
(935, 59, 'JU-0474', '2022-07-15', '0946', NULL, '3880000', '0'),
(936, 5, 'JU-0474', '2022-07-15', '0947', NULL, '0', '3880000'),
(937, 70, 'JU-0475', '2022-07-16', '0948', NULL, '600000', '0'),
(938, 5, 'JU-0475', '2022-07-16', '0949', NULL, '0', '600000'),
(939, 72, 'JU-0476', '2022-07-16', '0950', NULL, '389000', '0'),
(940, 5, 'JU-0476', '2022-07-16', '0951', NULL, '0', '389000'),
(941, 72, 'JU-0477', '2022-07-16', '0952', NULL, '300000', '0'),
(942, 5, 'JU-0477', '2022-07-16', '0953', NULL, '0', '300000'),
(943, 72, 'JU-0478', '2022-07-16', '0954', NULL, '68500', '0'),
(944, 5, 'JU-0478', '2022-07-16', '0955', NULL, '0', '68500'),
(945, 72, 'JU-0479', '2022-07-17', '0956', NULL, '123000', '0'),
(946, 5, 'JU-0479', '2022-07-17', '0957', NULL, '0', '123000'),
(947, 72, 'JU-0480', '2022-07-18', '0958', NULL, '8500', '0'),
(948, 5, 'JU-0480', '2022-07-18', '0959', NULL, '0', '8500'),
(949, 64, 'JU-0481', '2022-07-18', '0960', NULL, '392000', '0'),
(950, 5, 'JU-0481', '2022-07-18', '0961', NULL, '0', '392000'),
(951, 63, 'JU-0483', '2022-07-18', '0964', NULL, '1234000', '0'),
(952, 5, 'JU-0483', '2022-07-18', '0965', NULL, '0', '1234000'),
(953, 64, 'JU-0484', '2022-07-20', '0966', NULL, '111000', '0'),
(954, 5, 'JU-0484', '2022-07-20', '0967', NULL, '0', '111000'),
(955, 63, 'JU-0485', '2022-07-20', '0968', NULL, '3618116', '0'),
(956, 5, 'JU-0485', '2022-07-20', '0969', NULL, '0', '3618116'),
(957, 43, 'JU-0486', '2022-07-21', '0970', NULL, '118000', '0'),
(958, 5, 'JU-0486', '2022-07-21', '0971', NULL, '0', '118000'),
(959, 63, 'JU-0487', '2022-07-21', '0972', NULL, '2000000', '0'),
(960, 5, 'JU-0487', '2022-07-21', '0973', NULL, '0', '2000000'),
(961, 5, 'JU-0488', '2022-07-21', '0974', '', '59535000', '0'),
(962, 54, 'JU-0488', '2022-07-21', '0975', '', '0', '59535000'),
(963, 43, 'JU-0489', '2022-07-26', '0976', NULL, '47000', '0'),
(964, 5, 'JU-0489', '2022-07-26', '0977', NULL, '0', '47000'),
(965, 43, 'JU-0490', '2022-07-27', '0978', NULL, '7500', '0'),
(966, 5, 'JU-0490', '2022-07-27', '0979', NULL, '0', '7500'),
(967, 72, 'JU-0491', '2022-07-25', '0980', NULL, '200000', '0'),
(968, 5, 'JU-0491', '2022-07-25', '0981', NULL, '0', '200000'),
(969, 72, 'JU-0492', '2022-07-28', '0982', NULL, '102000', '0'),
(970, 5, 'JU-0492', '2022-07-28', '0983', NULL, '0', '102000'),
(971, 72, 'JU-0493', '2022-07-29', '0984', NULL, '200000', '0'),
(972, 5, 'JU-0493', '2022-07-29', '0985', NULL, '0', '200000'),
(973, 62, 'JU-0494', '2022-07-26', '0986', NULL, '540100', '0'),
(974, 5, 'JU-0494', '2022-07-26', '0987', NULL, '0', '540100'),
(975, 71, 'JU-0495', '2022-07-27', '0988', NULL, '682000', '0'),
(976, 5, 'JU-0495', '2022-07-27', '0989', NULL, '0', '682000'),
(977, 63, 'JU-0496', '2022-07-31', '0990', NULL, '1250000', '0'),
(978, 5, 'JU-0496', '2022-07-31', '0991', NULL, '0', '1250000'),
(979, 5, 'JU-0497', '2022-07-31', '0992', 'tiktokshop', '47068100', '0'),
(980, 54, 'JU-0497', '2022-07-31', '0993', '', '0', '47068100'),
(981, 5, 'JU-0498', '2022-07-31', '0994', 'shopee', '46096080', '0'),
(982, 54, 'JU-0498', '2022-07-31', '0995', '', '0', '46096080'),
(983, 5, 'JU-0499', '2022-07-31', '0996', 'tokped', '4218000', '0'),
(984, 54, 'JU-0499', '2022-07-31', '0997', '', '0', '4218000'),
(985, 68, 'JU-0500', '2022-07-31', '0998', NULL, '1800000', '0'),
(986, 5, 'JU-0500', '2022-07-31', '0999', NULL, '0', '1800000'),
(987, 69, 'JU-0501', '2022-07-31', '1000', NULL, '687500', '0'),
(988, 5, 'JU-0501', '2022-07-31', '1001', NULL, '0', '687500'),
(989, 63, 'JU-0502', '2022-07-31', '1002', NULL, '3300000', '0'),
(990, 5, 'JU-0502', '2022-07-31', '1003', NULL, '0', '3300000'),
(991, 71, 'JU-0503', '2022-07-31', '1004', NULL, '152000', '0'),
(992, 5, 'JU-0503', '2022-07-31', '1005', NULL, '0', '152000'),
(993, 59, 'JU-0504', '2022-07-31', '1006', NULL, '40363651', '0'),
(994, 5, 'JU-0504', '2022-07-31', '1007', NULL, '0', '40363651'),
(995, 51, 'JU-0505', '2022-07-31', '1008', NULL, '1223444', '0'),
(996, 5, 'JU-0505', '2022-07-31', '1009', NULL, '0', '1223444'),
(997, 43, 'JU-0506', '2022-08-01', '1010', NULL, '33000', '0'),
(998, 5, 'JU-0506', '2022-08-01', '1011', NULL, '0', '33000'),
(999, 70, 'JU-0507', '2022-08-01', '1012', NULL, '70000', '0'),
(1000, 5, 'JU-0507', '2022-08-01', '1013', NULL, '0', '70000'),
(1001, 5, 'JU-0508', '2022-08-02', '1014', '', '9200000', '0'),
(1002, 54, 'JU-0508', '2022-08-02', '1015', '', '0', '9200000'),
(1003, 63, 'JU-0509', '2022-08-02', '1016', NULL, '12200000', '0'),
(1004, 5, 'JU-0509', '2022-08-02', '1017', NULL, '0', '12200000'),
(1005, 5, 'JU-0510', '2022-08-03', '1018', '', '1020000', '0'),
(1006, 54, 'JU-0510', '2022-08-03', '1019', '', '0', '1020000'),
(1007, 70, 'JU-0511', '2022-08-03', '1020', NULL, '70000', '0'),
(1008, 5, 'JU-0511', '2022-08-03', '1021', NULL, '0', '70000'),
(1009, 72, 'JU-0512', '2022-08-03', '1022', NULL, '308025', '0'),
(1010, 5, 'JU-0512', '2022-08-03', '1023', NULL, '0', '308025'),
(1011, 64, 'JU-0513', '2022-08-03', '1024', NULL, '634100', '0'),
(1012, 5, 'JU-0513', '2022-08-03', '1025', NULL, '0', '634100'),
(1013, 59, 'JU-0514', '2022-08-03', '1026', NULL, '9216000', '0'),
(1014, 5, 'JU-0514', '2022-08-03', '1027', NULL, '0', '9216000'),
(1015, 70, 'JU-0515', '2022-08-04', '1028', NULL, '3095000', '0'),
(1016, 5, 'JU-0515', '2022-08-04', '1029', NULL, '0', '3095000'),
(1017, 5, 'JU-0516', '2022-08-04', '1030', '', '6122500', '0'),
(1018, 54, 'JU-0516', '2022-08-04', '1031', '', '0', '6122500'),
(1019, 64, 'JU-0517', '2022-08-04', '1032', NULL, '365000', '0'),
(1020, 5, 'JU-0517', '2022-08-04', '1033', NULL, '0', '365000'),
(1021, 71, 'JU-0518', '2022-08-04', '1034', NULL, '471000', '0'),
(1022, 5, 'JU-0518', '2022-08-04', '1035', NULL, '0', '471000'),
(1023, 70, 'JU-0519', '2022-08-04', '1036', NULL, '400000', '0'),
(1024, 5, 'JU-0519', '2022-08-04', '1037', NULL, '0', '400000'),
(1025, 43, 'JU-0520', '2022-08-05', '1038', NULL, '53500', '0'),
(1026, 5, 'JU-0520', '2022-08-05', '1039', NULL, '0', '53500'),
(1027, 5, 'JU-0521', '2022-08-05', '1040', '', '4000000', '0'),
(1028, 54, 'JU-0521', '2022-08-05', '1041', '', '0', '4000000'),
(1029, 5, 'JU-0522', '2022-08-05', '1042', '', '7900000', '0'),
(1030, 54, 'JU-0522', '2022-08-05', '1043', '', '0', '7900000'),
(1031, 5, 'JU-0523', '2022-08-05', '1044', '', '1234000', '0'),
(1032, 54, 'JU-0523', '2022-08-05', '1045', '', '0', '1234000'),
(1033, 5, 'JU-0524', '2022-08-05', '1046', '', '1234000', '0'),
(1034, 54, 'JU-0524', '2022-08-05', '1047', '', '0', '1234000'),
(1035, 5, 'JU-0525', '2022-08-05', '1048', '', '1234000', '0'),
(1036, 54, 'JU-0525', '2022-08-05', '1049', '', '0', '1234000'),
(1037, 5, 'JU-0526', '2022-08-05', '1050', '', '1234000', '0'),
(1038, 54, 'JU-0526', '2022-08-05', '1051', '', '0', '1234000'),
(1039, 5, 'JU-0527', '2022-08-05', '1052', '', '1234000', '0'),
(1040, 54, 'JU-0527', '2022-08-05', '1053', '', '0', '1234000'),
(1041, 72, 'JU-0529', '2022-08-05', '1056', NULL, '675000', '0'),
(1042, 5, 'JU-0529', '2022-08-05', '1057', NULL, '0', '675000'),
(1043, 72, 'JU-0530', '2022-08-05', '1058', NULL, '3500000', '0'),
(1044, 5, 'JU-0530', '2022-08-05', '1059', NULL, '0', '3500000'),
(1045, 5, 'JU-0531', '2022-08-06', '1060', '', '4000000', '0'),
(1046, 54, 'JU-0531', '2022-08-06', '1061', '', '0', '4000000'),
(1047, 72, 'JU-0532', '2022-08-06', '1062', NULL, '5400000', '0'),
(1048, 5, 'JU-0532', '2022-08-06', '1063', NULL, '0', '5400000'),
(1049, 70, 'JU-0533', '2022-08-06', '1064', NULL, '1293396', '0'),
(1050, 5, 'JU-0533', '2022-08-06', '1065', NULL, '0', '1293396'),
(1051, 71, 'JU-0534', '2022-08-06', '1066', NULL, '152000', '0'),
(1052, 5, 'JU-0534', '2022-08-06', '1067', NULL, '0', '152000'),
(1053, 72, 'JU-0535', '2022-08-08', '1068', NULL, '183500', '0'),
(1054, 5, 'JU-0535', '2022-08-08', '1069', NULL, '0', '183500'),
(1055, 71, 'JU-0536', '2022-08-08', '1070', NULL, '141110', '0'),
(1056, 5, 'JU-0536', '2022-08-08', '1071', NULL, '0', '141110'),
(1057, 70, 'JU-0537', '2022-08-09', '1072', NULL, '160000', '0'),
(1058, 5, 'JU-0537', '2022-08-09', '1073', NULL, '0', '160000'),
(1059, 5, 'JU-0538', '2022-08-09', '1074', '', '1234000', '0'),
(1060, 54, 'JU-0538', '2022-08-09', '1075', '', '0', '1234000'),
(1061, 5, 'JU-0539', '2022-08-09', '1076', '', '1234000', '0'),
(1062, 54, 'JU-0539', '2022-08-09', '1077', '', '0', '1234000'),
(1063, 5, 'JU-0540', '2022-08-09', '1078', '', '1234000', '0'),
(1064, 54, 'JU-0540', '2022-08-09', '1079', '', '0', '1234000'),
(1065, 5, 'JU-0541', '2022-08-09', '1080', '', '1234000', '0'),
(1066, 54, 'JU-0541', '2022-08-09', '1081', '', '0', '1234000'),
(1067, 63, 'JU-0542', '2022-08-09', '1082', NULL, '1500000', '0'),
(1068, 5, 'JU-0542', '2022-08-09', '1083', NULL, '0', '1500000'),
(1069, 5, 'JU-0543', '2022-08-10', '1084', '', '1234000', '0'),
(1070, 54, 'JU-0543', '2022-08-10', '1085', '', '0', '1234000'),
(1071, 71, 'JU-0544', '2022-08-10', '1086', NULL, '409000', '0'),
(1072, 5, 'JU-0544', '2022-08-10', '1087', NULL, '0', '409000'),
(1073, 72, 'JU-0545', '2022-08-10', '1088', NULL, '3537000', '0'),
(1074, 5, 'JU-0545', '2022-08-10', '1089', NULL, '0', '3537000'),
(1075, 70, 'JU-0546', '2022-08-10', '1090', NULL, '136000', '0'),
(1076, 5, 'JU-0546', '2022-08-10', '1091', NULL, '0', '136000'),
(1077, 5, 'JU-0547', '2022-08-11', '1092', '', '1234000', '0'),
(1078, 54, 'JU-0547', '2022-08-11', '1093', '', '0', '1234000'),
(1079, 72, 'JU-0548', '2022-08-11', '1094', NULL, '2650000', '0'),
(1080, 5, 'JU-0548', '2022-08-11', '1095', NULL, '0', '2650000'),
(1081, 59, 'JU-0549', '2022-08-11', '1096', NULL, '7800000', '0'),
(1082, 5, 'JU-0549', '2022-08-11', '1097', NULL, '0', '7800000'),
(1083, 63, 'JU-0550', '2022-08-11', '1098', NULL, '1400000', '0'),
(1084, 5, 'JU-0550', '2022-08-11', '1099', NULL, '0', '1400000'),
(1085, 5, 'JU-0551', '2022-08-12', '1100', '', '1234000', '0'),
(1086, 54, 'JU-0551', '2022-08-12', '1101', '', '0', '1234000'),
(1087, 5, 'JU-0552', '2022-08-12', '1102', '', '1234000', '0'),
(1088, 54, 'JU-0552', '2022-08-12', '1103', '', '0', '1234000'),
(1089, 72, 'JU-0553', '2022-08-12', '1104', NULL, '600000', '0'),
(1090, 5, 'JU-0553', '2022-08-12', '1105', NULL, '0', '600000'),
(1091, 70, 'JU-0554', '2022-08-12', '1106', NULL, '56600', '0'),
(1092, 5, 'JU-0554', '2022-08-12', '1107', NULL, '0', '56600'),
(1093, 64, 'JU-0555', '2022-08-13', '1108', NULL, '155000', '0'),
(1094, 5, 'JU-0555', '2022-08-13', '1109', NULL, '0', '155000'),
(1095, 5, 'JU-0556', '2022-08-15', '1110', '', '11770000', '0'),
(1096, 54, 'JU-0556', '2022-08-15', '1111', '', '0', '11770000'),
(1097, 63, 'JU-0557', '2022-08-15', '1112', NULL, '3500000', '0'),
(1098, 5, 'JU-0557', '2022-08-15', '1113', '', '0', '3500000'),
(1099, 72, 'JU-0558', '2022-08-15', '1114', '', '1275000', '0'),
(1100, 5, 'JU-0558', '2022-08-15', '1115', '', '0', '1275000'),
(1101, 70, 'JU-0559', '2022-08-15', '1116', '', '300000', '0'),
(1102, 5, 'JU-0559', '2022-08-15', '1117', '', '0', '300000'),
(1103, 64, 'JU-0560', '2022-08-15', '1118', '', '1060000', '0'),
(1104, 5, 'JU-0560', '2022-08-18', '1119', '', '0', '1060000'),
(1105, 63, 'JU-0561', '2022-08-18', '1120', '', '3500000', '0'),
(1106, 5, 'JU-0561', '2022-08-18', '1121', '', '0', '3500000'),
(1107, 64, 'JU-0562', '2022-08-18', '1122', '', '38000', '0'),
(1108, 5, 'JU-0562', '2022-08-19', '1123', '', '0', '38000'),
(1109, 5, 'JU-0563', '2022-08-19', '1124', '', '1234000', '0'),
(1110, 54, 'JU-0563', '2022-08-19', '1125', '', '0', '1234000'),
(1111, 63, 'JU-0564', '2022-08-19', '1126', '', '3618119', '0'),
(1112, 5, 'JU-0564', '2022-08-20', '1127', '', '0', '3618119'),
(1113, 64, 'JU-0565', '2022-08-20', '1128', '', '133000', '0'),
(1114, 5, 'JU-0565', '2022-08-20', '1129', '', '0', '133000'),
(1115, 64, 'JU-0566', '2022-08-20', '1130', '', '18000', '0'),
(1116, 5, 'JU-0566', '2022-08-24', '1131', '', '0', '18000'),
(1117, 51, 'JU-0567', '2022-08-24', '1132', '', '728900', '0'),
(1118, 5, 'JU-0567', '2022-08-24', '1133', '', '0', '728900'),
(1119, 62, 'JU-0568', '2022-08-24', '1134', '', '5000000', '0'),
(1120, 5, 'JU-0568', '2022-08-25', '1135', '', '0', '5000000'),
(1121, 5, 'JU-0570', '2022-08-25', '1138', '', '126520000', '0'),
(1122, 54, 'JU-0570', '2022-08-25', '1139', '', '0', '126520000'),
(1123, 72, 'JU-0571', '2022-08-25', '1140', '', '6626561', '0'),
(1124, 5, 'JU-0571', '2022-08-27', '1141', '', '0', '6626561'),
(1125, 59, 'JU-0574', '2022-08-27', '1146', '', '34974600', '0'),
(1126, 5, 'JU-0574', '2022-08-30', '1147', '', '0', '34974600'),
(1127, 64, 'JU-0575', '2022-08-30', '1148', '', '112000', '0'),
(1128, 5, 'JU-0575', '2022-08-30', '1149', '', '0', '112000'),
(1129, 5, 'JU-0576', '2022-08-30', '1150', '', '31689288', '0'),
(1130, 54, 'JU-0576', '2022-08-31', '1151', '', '0', '31689288'),
(1131, 5, 'JU-0577', '2022-08-31', '1152', '', '27264203', '0'),
(1132, 54, 'JU-0577', '2022-08-31', '1153', '', '0', '27264203'),
(1133, 5, 'JU-0578', '2022-08-31', '1154', '', '1007000', '0'),
(1134, 54, 'JU-0578', '2022-08-31', '1155', '', '0', '1007000'),
(1135, 68, 'JU-0579', '2022-08-31', '1156', '', '1500000', '0'),
(1136, 5, 'JU-0579', '2022-08-31', '1157', '', '0', '1500000'),
(1137, 69, 'JU-0580', '2022-08-31', '1158', '', '687500', '0'),
(1138, 5, 'JU-0580', '2022-08-31', '1159', '', '0', '687500'),
(1139, 72, 'JU-0581', '2022-08-31', '1160', '', '3511000', '0'),
(1140, 5, 'JU-0581', '2022-08-31', '1161', '', '0', '3511000'),
(1141, 70, 'JU-0582', '2022-08-31', '1162', '', '3359000', '0'),
(1142, 5, 'JU-0582', '2022-08-31', '1163', '', '0', '3359000'),
(1143, 70, 'JU-0583', '2022-08-31', '1164', '', '400000', '0'),
(1144, 5, 'JU-0583', '2022-09-01', '1165', '', '0', '400000'),
(1145, 5, 'JU-0584', '2022-09-01', '1166', '', '38985000', '0'),
(1146, 54, 'JU-0584', '2022-09-01', '1167', '', '0', '38985000'),
(1147, 64, 'JU-0585', '2022-09-01', '1168', '', '24000', '0'),
(1148, 5, 'JU-0585', '2022-09-02', '1169', '', '0', '24000'),
(1149, 62, 'JU-0586', '2022-09-02', '1170', '', '251000', '0'),
(1150, 5, 'JU-0586', '2022-09-02', '1171', '', '0', '251000'),
(1151, 63, 'JU-0587', '2022-09-02', '1172', '', '1400000', '0'),
(1152, 5, 'JU-0587', '2022-09-02', '1173', '', '0', '1400000'),
(1153, 5, 'JU-0588', '2022-09-02', '1174', '', '6587500', '0'),
(1154, 54, 'JU-0588', '2022-09-02', '1175', '', '0', '6587500'),
(1155, 64, 'JU-0589', '2022-09-02', '1176', '', '270000', '0'),
(1156, 5, 'JU-0589', '2022-09-03', '1177', '', '0', '270000'),
(1157, 62, 'JU-0590', '2022-09-03', '1178', '', '497600', '0'),
(1158, 5, 'JU-0590', '2022-09-03', '1179', '', '0', '497600'),
(1159, 71, 'JU-0591', '2022-09-03', '1180', '', '800000', '0'),
(1160, 5, 'JU-0591', '2022-09-03', '1181', '', '0', '800000'),
(1161, 71, 'JU-0592', '2022-09-03', '1182', '', '205500', '0'),
(1162, 5, 'JU-0592', '2022-09-03', '1183', '', '0', '205500'),
(1163, 63, 'JU-0593', '2022-09-03', '1184', '', '12200000', '0'),
(1164, 5, 'JU-0593', '2022-09-03', '1185', '', '0', '12200000'),
(1165, 5, 'JU-0594', '2022-09-03', '1186', '', '25382500', '0'),
(1166, 54, 'JU-0594', '2022-09-05', '1187', '', '0', '25382500'),
(1167, 72, 'JU-0595', '2022-09-05', '1188', '', '600000', '0'),
(1168, 5, 'JU-0595', '2022-09-05', '1189', '', '0', '600000'),
(1169, 5, 'JU-0596', '2022-09-05', '1190', '', '15087500', '0'),
(1170, 54, 'JU-0596', '2022-09-06', '1191', '', '0', '15087500'),
(1171, 59, 'JU-0597', '2022-09-06', '1192', '', '168912000', '0'),
(1172, 5, 'JU-0597', '2022-09-06', '1193', '', '0', '168912000'),
(1173, 71, 'JU-0598', '2022-09-06', '1194', '', '253000', '0'),
(1174, 5, 'JU-0598', '2022-09-06', '1195', '', '0', '253000'),
(1175, 5, 'JU-0599', '2022-09-06', '1196', '', '39900000', '0'),
(1176, 54, 'JU-0599', '2022-09-07', '1197', '', '0', '39900000'),
(1177, 72, 'JU-0600', '2022-09-07', '1198', '', '10192300', '0'),
(1178, 5, 'JU-0600', '2022-09-07', '1199', '', '0', '10192300'),
(1179, 64, 'JU-0601', '2022-09-07', '1200', '', '1267100', '0'),
(1180, 5, 'JU-0601', '2022-09-07', '1201', '', '0', '1267100'),
(1181, 71, 'JU-0602', '2022-09-07', '1202', '', '84000', '0'),
(1182, 5, 'JU-0602', '2022-09-07', '1203', '', '0', '84000'),
(1183, 5, 'JU-0603', '2022-09-07', '1204', '', '4300000', '0'),
(1184, 54, 'JU-0603', '2022-09-08', '1205', '', '0', '4300000'),
(1185, 5, 'JU-0604', '2022-09-08', '1206', '', '2150000', '0'),
(1186, 54, 'JU-0604', '2022-09-08', '1207', '', '0', '2150000'),
(1187, 64, 'JU-0605', '2022-09-08', '1208', '', '140500', '0'),
(1188, 5, 'JU-0605', '2022-09-08', '1209', '', '0', '140500'),
(1189, 62, 'JU-0606', '2022-09-08', '1210', '', '1060300', '0'),
(1190, 5, 'JU-0606', '2022-09-08', '1211', '', '0', '1060300'),
(1191, 62, 'JU-0607', '2022-09-08', '1212', '', '67200', '0'),
(1192, 5, 'JU-0607', '2022-09-08', '1213', '', '0', '67200'),
(1193, 71, 'JU-0608', '2022-09-08', '1214', '', '475000', '0'),
(1194, 5, 'JU-0608', '2022-09-09', '1215', '', '0', '475000'),
(1195, 63, 'JU-0609', '2022-09-09', '1216', '', '1500000', '0'),
(1196, 5, 'JU-0609', '2022-09-09', '1217', '', '0', '1500000'),
(1197, 71, 'JU-0610', '2022-09-09', '1218', '', '222000', '0'),
(1198, 5, 'JU-0610', '2022-09-10', '1219', '', '0', '222000'),
(1199, 5, 'JU-0611', '2022-09-10', '1220', '', '6450000', '0'),
(1200, 54, 'JU-0611', '2022-09-10', '1221', '', '0', '6450000'),
(1201, 59, 'JU-0612', '2022-09-10', '1222', '', '15136365', '0'),
(1202, 5, 'JU-0612', '2022-09-12', '1223', '', '0', '15136365'),
(1203, 72, 'JU-0613', '2022-09-12', '1224', '', '1234000', '0'),
(1204, 5, 'JU-0613', '2022-09-12', '1225', '', '0', '1234000'),
(1205, 64, 'JU-0614', '2022-09-12', '1226', '', '1579700', '0'),
(1206, 5, 'JU-0614', '2022-09-12', '1227', '', '0', '1579700'),
(1207, 64, 'JU-0615', '2022-09-12', '1228', '', '68000', '0'),
(1208, 5, 'JU-0615', '2022-09-13', '1229', '', '0', '68000'),
(1209, 70, 'JU-0616', '2022-09-13', '1230', '', '2410000', '0'),
(1210, 5, 'JU-0616', '2022-09-13', '1231', '', '0', '2410000'),
(1211, 70, 'JU-0617', '2022-09-13', '1232', '', '25000', '0'),
(1212, 5, 'JU-0617', '2022-09-13', '1233', '', '0', '25000'),
(1213, 64, 'JU-0618', '2022-09-13', '1234', '', '48500', '0'),
(1214, 5, 'JU-0618', '2022-09-15', '1235', '', '0', '48500'),
(1215, 71, 'JU-0619', '2022-09-15', '1236', '', '162000', '0'),
(1216, 5, 'JU-0619', '2022-09-15', '1237', '', '0', '162000'),
(1217, 71, 'JU-0620', '2022-09-15', '1238', '', '284500', '0'),
(1218, 5, 'JU-0620', '2022-09-15', '1239', '', '0', '284500'),
(1219, 70, 'JU-0621', '2022-09-15', '1240', '', '580000', '0'),
(1220, 5, 'JU-0621', '2022-09-15', '1241', '', '0', '580000'),
(1221, 63, 'JU-0622', '2022-09-15', '1242', '', '2500000', '0'),
(1222, 5, 'JU-0622', '2022-09-15', '1243', '', '0', '2500000'),
(1223, 59, 'JU-0623', '2022-09-15', '1244', '', '5109500', '0'),
(1224, 5, 'JU-0623', '2022-09-16', '1245', '', '0', '5109500'),
(1225, 63, 'JU-0624', '2022-09-16', '1246', '', '1500000', '0'),
(1226, 5, 'JU-0624', '2022-09-16', '1247', '', '0', '1500000'),
(1227, 5, 'JU-0625', '2022-09-16', '1248', '', '7300000', '0'),
(1228, 54, 'JU-0625', '2022-09-16', '1249', '', '0', '7300000'),
(1229, 59, 'JU-0626', '2022-09-16', '1250', '', '11000000', '0'),
(1230, 5, 'JU-0626', '2022-09-16', '1251', '', '0', '11000000'),
(1231, 62, 'JU-0627', '2022-09-16', '1252', '', '30000', '0'),
(1232, 5, 'JU-0627', '2022-09-16', '1253', '', '0', '30000'),
(1233, 5, 'JU-0628', '2022-09-16', '1254', '', '4300000', '0'),
(1234, 54, 'JU-0628', '2022-09-17', '1255', '', '0', '4300000'),
(1235, 70, 'JU-0629', '2022-09-17', '1256', '', '2300000', '0'),
(1236, 5, 'JU-0629', '2022-09-17', '1257', '', '0', '2300000'),
(1237, 43, 'JU-0630', '2022-09-17', '1258', '', '49500', '0'),
(1238, 5, 'JU-0630', '2022-09-19', '1259', '', '0', '49500'),
(1239, 72, 'JU-0631', '2022-09-19', '1260', '', '147000', '0'),
(1240, 5, 'JU-0631', '2022-09-19', '1261', '', '0', '147000'),
(1241, 64, 'JU-0632', '2022-09-19', '1262', '', '634125', '0'),
(1242, 5, 'JU-0632', '2022-09-19', '1263', '', '0', '634125'),
(1243, 71, 'JU-0633', '2022-09-19', '1264', '', '88200', '0'),
(1244, 5, 'JU-0633', '2022-09-19', '1265', '', '0', '88200'),
(1245, 63, 'JU-0634', '2022-09-19', '1266', '', '1234000', '0'),
(1246, 5, 'JU-0634', '2022-09-19', '1267', '', '0', '1234000'),
(1247, 5, 'JU-0635', '2022-09-19', '1268', '', '2150000', '0'),
(1248, 54, 'JU-0635', '2022-09-20', '1269', '', '0', '2150000'),
(1249, 64, 'JU-0636', '2022-09-20', '1270', '', '103200', '0'),
(1250, 5, 'JU-0636', '2022-09-20', '1271', '', '0', '103200'),
(1251, 71, 'JU-0637', '2022-09-20', '1272', '', '197500', '0'),
(1252, 5, 'JU-0637', '2022-09-20', '1273', '', '0', '197500'),
(1253, 70, 'JU-0638', '2022-09-20', '1274', '', '50000', '0'),
(1254, 5, 'JU-0638', '2022-09-20', '1275', '', '0', '50000'),
(1255, 63, 'JU-0639', '2022-09-20', '1276', '', '4236238', '0'),
(1256, 5, 'JU-0639', '2022-09-20', '1277', '', '0', '4236238'),
(1257, 51, 'JU-0640', '2022-09-20', '1278', '', '992663', '0'),
(1258, 5, 'JU-0640', '2022-09-20', '1279', '', '0', '992663'),
(1259, 5, 'JU-0641', '2022-09-20', '1280', '', '7909000', '0'),
(1260, 54, 'JU-0641', '2022-09-21', '1281', '', '0', '7909000'),
(1261, 70, 'JU-0642', '2022-09-21', '1282', '', '300000', '0'),
(1262, 5, 'JU-0642', '2022-09-21', '1283', '', '0', '300000'),
(1263, 70, 'JU-0643', '2022-09-21', '1284', '', '71000', '0'),
(1264, 5, 'JU-0643', '2022-09-21', '1285', '', '0', '71000'),
(1265, 5, 'JU-0644', '2022-09-21', '1286', '', '1275000', '0'),
(1266, 54, 'JU-0644', '2022-09-23', '1287', '', '0', '1275000'),
(1267, 59, 'JU-0645', '2022-09-23', '1288', '', '3600000', '0'),
(1268, 5, 'JU-0645', '2022-09-23', '1289', '', '0', '3600000'),
(1269, 64, 'JU-0646', '2022-09-23', '1290', '', '211850', '0'),
(1270, 5, 'JU-0646', '2022-09-23', '1291', '', '0', '211850'),
(1271, 71, 'JU-0647', '2022-09-23', '1292', '', '2200000', '0'),
(1272, 5, 'JU-0647', '2022-09-23', '1293', '', '0', '2200000'),
(1273, 70, 'JU-0648', '2022-09-23', '1294', '', '500000', '0'),
(1274, 5, 'JU-0648', '2022-09-23', '1295', '', '0', '500000'),
(1275, 59, 'JU-0649', '2022-09-23', '1296', '', '89616865', '0'),
(1276, 5, 'JU-0649', '2022-09-24', '1297', '', '0', '89616865'),
(1277, 72, 'JU-0650', '2022-09-24', '1298', '', '182000', '0'),
(1278, 5, 'JU-0650', '2022-09-24', '1299', '', '0', '182000'),
(1279, 71, 'JU-0651', '2022-09-24', '1300', '', '110000', '0'),
(1280, 5, 'JU-0651', '2022-09-24', '1301', '', '0', '110000'),
(1281, 71, 'JU-0652', '2022-09-24', '1302', '', '275000', '0'),
(1282, 5, 'JU-0652', '2022-09-26', '1303', '', '0', '275000'),
(1283, 63, 'JU-0653', '2022-09-26', '1304', '', '1059056', '0'),
(1284, 5, 'JU-0653', '2022-09-26', '1305', '', '0', '1059056'),
(1285, 5, 'JU-0654', '2022-09-26', '1306', '', '8600000', '0'),
(1286, 54, 'JU-0654', '2022-09-27', '1307', '', '0', '8600000'),
(1287, 70, 'JU-0655', '2022-09-27', '1308', '', '1550000', '0'),
(1288, 5, 'JU-0655', '2022-09-27', '1309', '', '0', '1550000'),
(1289, 5, 'JU-0656', '2022-09-27', '1310', '', '12000000', '0'),
(1290, 54, 'JU-0656', '2022-09-28', '1311', '', '0', '12000000'),
(1291, 59, 'JU-0657', '2022-09-28', '1312', '', '4675000', '0'),
(1292, 5, 'JU-0657', '2022-09-28', '1313', '', '0', '4675000'),
(1293, 70, 'JU-0658', '2022-09-28', '1314', '', '1234000', '0'),
(1294, 5, 'JU-0658', '2022-09-28', '1315', '', '0', '1234000'),
(1295, 5, 'JU-0659', '2022-09-28', '1316', '', '18995000', '0'),
(1296, 54, 'JU-0659', '2022-09-29', '1317', '', '0', '18995000'),
(1297, 47, 'JU-0660', '2022-09-29', '1318', '', '975000', '0'),
(1298, 5, 'JU-0660', '2022-09-29', '1319', '', '0', '975000'),
(1299, 47, 'JU-0661', '2022-09-29', '1320', '', '470000', '0'),
(1300, 5, 'JU-0661', '2022-09-29', '1321', '', '0', '470000'),
(1301, 5, 'JU-0662', '2022-09-29', '1322', '', '11723000', '0'),
(1302, 54, 'JU-0662', '2022-09-30', '1323', '', '0', '11723000'),
(1303, 5, 'JU-0663', '2022-09-30', '1324', '', '122300000', '0'),
(1304, 54, 'JU-0663', '2022-09-30', '1325', '', '0', '122300000'),
(1305, 5, 'JU-0664', '2022-09-30', '1326', '', '115959662', '0'),
(1306, 54, 'JU-0664', '2022-09-30', '1327', '', '0', '115959662'),
(1307, 5, 'JU-0665', '2022-09-30', '1328', '', '4744000', '0'),
(1308, 54, 'JU-0665', '2022-09-30', '1329', '', '0', '4744000'),
(1309, 64, 'JU-0666', '2022-09-30', '1330', '', '285950', '0'),
(1310, 5, 'JU-0666', '2022-09-30', '1331', '', '0', '285950'),
(1311, 71, 'JU-0667', '2022-09-30', '1332', '', '372000', '0'),
(1312, 5, 'JU-0667', '2022-09-30', '1333', '', '0', '372000'),
(1313, 70, 'JU-0668', '2022-09-30', '1334', '', '950000', '0'),
(1314, 5, 'JU-0668', '2022-09-30', '1335', '', '0', '950000'),
(1315, 5, 'JU-0669', '2022-09-30', '1336', '', '4315000', '0'),
(1316, 54, 'JU-0669', '2022-09-30', '1337', '', '0', '4315000'),
(1317, 68, 'JU-0670', '2022-09-30', '1338', '', '1500000', '0'),
(1318, 5, 'JU-0670', '2022-09-30', '1339', '', '0', '1500000'),
(1319, 69, 'JU-0671', '2022-09-30', '1340', '', '687500', '0'),
(1320, 5, 'JU-0671', '2022-09-30', '1341', '', '0', '687500'),
(1321, 59, 'JU-0672', '2022-09-30', '1342', '', '50454550', '0'),
(1322, 5, 'JU-0672', '2022-09-30', '1343', '', '0', '50454550'),
(1323, 72, 'JU-0673', '2022-09-30', '1344', '', '992663', '0'),
(1324, 5, 'JU-0673', '2022-09-30', '1345', '', '0', '992663'),
(1325, 5, 'JU-0674', '2022-09-30', '1346', '', '2150000', '0'),
(1326, 54, 'JU-0674', '2022-10-01', '1347', '', '0', '2150000'),
(1327, 59, 'JU-0675', '2022-10-01', '1348', '', '38065500', '0'),
(1328, 5, 'JU-0675', '2022-10-01', '1349', '', '0', '38065500'),
(1329, 63, 'JU-0676', '2022-10-01', '1350', '', '2000000', '0'),
(1330, 5, 'JU-0676', '2022-10-01', '1351', '', '0', '2000000'),
(1331, 5, 'JU-0677', '2022-10-01', '1352', '', '6340000', '0'),
(1332, 54, 'JU-0677', '2022-10-03', '1353', '', '0', '6340000'),
(1333, 72, 'JU-0678', '2022-10-03', '1354', '', '500000', '0'),
(1334, 5, 'JU-0678', '2022-10-03', '1355', '', '0', '500000'),
(1335, 72, 'JU-0679', '2022-10-03', '1356', '', '199500', '0'),
(1336, 5, 'JU-0679', '2022-10-03', '1357', '', '0', '199500'),
(1337, 63, 'JU-0680', '2022-10-03', '1358', '', '14200000', '0'),
(1338, 5, 'JU-0680', '2022-10-03', '1359', '', '0', '14200000'),
(1339, 71, 'JU-0681', '2022-10-03', '1360', '', '513000', '0'),
(1340, 5, 'JU-0681', '2022-10-04', '1361', '', '0', '513000'),
(1341, 5, 'JU-0682', '2022-10-04', '1362', '', '45170000', '0'),
(1342, 54, 'JU-0682', '2022-10-05', '1363', '', '0', '45170000'),
(1343, 72, 'JU-0683', '2022-10-05', '1364', '', '231000', '0'),
(1344, 5, 'JU-0683', '2022-10-05', '1365', '', '0', '231000'),
(1345, 62, 'JU-0684', '2022-10-05', '1366', '', '399000', '0'),
(1346, 5, 'JU-0684', '2022-10-07', '1367', '', '0', '399000'),
(1347, 70, 'JU-0685', '2022-10-07', '1368', '', '500000', '0'),
(1348, 5, 'JU-0685', '2022-10-10', '1369', '', '0', '500000'),
(1349, 63, 'JU-0686', '2022-10-10', '1370', '', '1500000', '0'),
(1350, 5, 'JU-0686', '2022-10-10', '1371', '', '0', '1500000'),
(1351, 5, 'JU-0687', '2022-10-10', '1372', '', '1224000', '0'),
(1352, 54, 'JU-0687', '2022-10-11', '1373', '', '0', '1224000'),
(1353, 59, 'JU-0688', '2022-10-11', '1374', '', '50353640', '0'),
(1354, 5, 'JU-0688', '2022-10-11', '1375', '', '0', '50353640'),
(1355, 64, 'JU-0689', '2022-10-11', '1376', '', '1171800', '0'),
(1356, 5, 'JU-0689', '2022-10-11', '1377', '', '0', '1171800'),
(1357, 71, 'JU-0690', '2022-10-11', '1378', '', '117000', '0'),
(1358, 5, 'JU-0690', '2022-10-11', '1379', '', '0', '117000'),
(1359, 70, 'JU-0691', '2022-10-11', '1380', '', '27703695', '0'),
(1360, 5, 'JU-0691', '2022-10-11', '1381', '', '0', '27703695'),
(1361, 5, 'JU-0692', '2022-10-11', '1382', '', '4300000', '0'),
(1362, 54, 'JU-0692', '2022-10-12', '1383', '', '0', '4300000'),
(1363, 43, 'JU-0693', '2022-10-12', '1384', '', '20000', '0'),
(1364, 5, 'JU-0693', '2022-10-12', '1385', '', '0', '20000'),
(1365, 63, 'JU-0694', '2022-10-12', '1386', '', '2300000', '0'),
(1366, 5, 'JU-0694', '2022-10-12', '1387', '', '0', '2300000'),
(1367, 72, 'JU-0695', '2022-10-12', '1388', '', '1000000', '0'),
(1368, 5, 'JU-0695', '2022-10-13', '1389', '', '0', '1000000'),
(1369, 62, 'JU-0696', '2022-10-13', '1390', '', '198200', '0'),
(1370, 5, 'JU-0696', '2022-10-13', '1391', '', '0', '198200'),
(1371, 62, 'JU-0697', '2022-10-13', '1392', '', '68000', '0'),
(1372, 5, 'JU-0697', '2022-10-14', '1393', '', '0', '68000'),
(1373, 72, 'JU-0698', '2022-10-14', '1394', '', '195500', '0'),
(1374, 5, 'JU-0698', '2022-10-14', '1395', '', '0', '195500'),
(1375, 72, 'JU-0699', '2022-10-14', '1396', '', '3500000', '0'),
(1376, 5, 'JU-0699', '2022-10-15', '1397', '', '0', '3500000'),
(1377, 63, 'JU-0700', '2022-10-15', '1398', '', '2500000', '0'),
(1378, 5, 'JU-0700', '2022-10-15', '1399', '', '0', '2500000'),
(1379, 71, 'JU-0701', '2022-10-15', '1400', '', '299000', '0'),
(1380, 5, 'JU-0701', '2022-10-17', '1401', '', '0', '299000'),
(1381, 70, 'JU-0702', '2022-10-17', '1402', '', '250000', '0'),
(1382, 5, 'JU-0702', '2022-10-17', '1403', '', '0', '250000'),
(1383, 63, 'JU-0703', '2022-10-17', '1404', '', '3500000', '0'),
(1384, 5, 'JU-0703', '2022-10-17', '1405', '', '0', '3500000'),
(1385, 59, 'JU-0704', '2022-10-17', '1406', '', '23540000', '0'),
(1386, 5, 'JU-0704', '2022-10-18', '1407', '', '0', '23540000'),
(1387, 64, 'JU-0705', '2022-10-18', '1408', '', '357000', '0'),
(1388, 5, 'JU-0705', '2022-10-18', '1409', '', '0', '357000'),
(1389, 63, 'JU-0706', '2022-10-18', '1410', '', '1234000', '0'),
(1390, 5, 'JU-0706', '2022-10-18', '1411', '', '0', '1234000'),
(1391, 70, 'JU-0707', '2022-10-18', '1412', '', '400000', '0'),
(1392, 5, 'JU-0707', '2022-10-19', '1413', '', '0', '400000'),
(1393, 5, 'JU-0708', '2022-10-19', '1414', '', '6450000', '0'),
(1394, 54, 'JU-0708', '2022-10-20', '1415', '', '0', '6450000'),
(1395, 72, 'JU-0709', '2022-10-20', '1416', '', '75000', '0'),
(1396, 5, 'JU-0709', '2022-10-20', '1417', '', '0', '75000'),
(1397, 63, 'JU-0710', '2022-10-20', '1418', '', '4236238', '0'),
(1398, 5, 'JU-0710', '2022-10-20', '1419', '', '0', '4236238'),
(1399, 5, 'JU-0711', '2022-10-20', '1420', '', '1666500', '0'),
(1400, 54, 'JU-0711', '2022-10-21', '1421', '', '0', '1666500'),
(1401, 62, 'JU-0712', '2022-10-21', '1422', '', '25750', '0'),
(1402, 5, 'JU-0712', '2022-10-21', '1423', '', '0', '25750'),
(1403, 59, 'JU-0713', '2022-10-21', '1424', '', '12000000', '0'),
(1404, 5, 'JU-0713', '2022-10-22', '1425', '', '0', '12000000'),
(1405, 63, 'JU-0714', '2022-10-22', '1426', '', '3600000', '0'),
(1406, 5, 'JU-0714', '2022-10-22', '1427', '', '0', '3600000'),
(1407, 72, 'JU-0715', '2022-10-22', '1428', '', '100000', '0'),
(1408, 5, 'JU-0715', '2022-10-22', '1429', '', '0', '100000'),
(1409, 64, 'JU-0716', '2022-10-22', '1430', '', '101500', '0'),
(1410, 5, 'JU-0716', '2022-10-22', '1431', '', '0', '101500'),
(1411, 70, 'JU-0717', '2022-10-22', '1432', '', '1215000', '0'),
(1412, 5, 'JU-0717', '2022-10-22', '1433', '', '0', '1215000'),
(1413, 5, 'JU-0718', '2022-10-22', '1434', '', '15857500', '0'),
(1414, 54, 'JU-0718', '2022-10-24', '1435', '', '0', '15857500'),
(1415, 59, 'JU-0719', '2022-10-24', '1436', '', '8072730', '0'),
(1416, 5, 'JU-0719', '2022-10-24', '1437', '', '0', '8072730'),
(1417, 64, 'JU-0720', '2022-10-24', '1438', '', '466000', '0'),
(1418, 5, 'JU-0720', '2022-10-24', '1439', '', '0', '466000'),
(1419, 63, 'JU-0721', '2022-10-24', '1440', '', '1059056', '0'),
(1420, 5, 'JU-0721', '2022-10-24', '1441', '', '0', '1059056'),
(1421, 5, 'JU-0722', '2022-10-24', '1442', '', '6136000', '0'),
(1422, 54, 'JU-0722', '2022-10-25', '1443', '', '0', '6136000'),
(1423, 43, 'JU-0723', '2022-10-25', '1444', '', '96000', '0'),
(1424, 5, 'JU-0723', '2022-10-25', '1445', '', '0', '96000'),
(1425, 5, 'JU-0724', '2022-10-25', '1446', '', '2580000', '0'),
(1426, 54, 'JU-0724', '2022-10-26', '1447', '', '0', '2580000'),
(1427, 59, 'JU-0725', '2022-10-26', '1448', '', '30272730', '0'),
(1428, 5, 'JU-0725', '2022-10-26', '1449', '', '0', '30272730'),
(1429, 43, 'JU-0726', '2022-10-26', '1450', '', '37000', '0'),
(1430, 5, 'JU-0726', '2022-10-26', '1451', '', '0', '37000'),
(1431, 72, 'JU-0727', '2022-10-26', '1452', '', '199200', '0'),
(1432, 5, 'JU-0727', '2022-10-26', '1453', '', '0', '199200'),
(1433, 72, 'JU-0728', '2022-10-26', '1454', '', '500000', '0'),
(1434, 5, 'JU-0728', '2022-10-26', '1455', '', '0', '500000'),
(1435, 70, 'JU-0729', '2022-10-26', '1456', '', '700000', '0'),
(1436, 5, 'JU-0729', '2022-10-26', '1457', '', '0', '700000'),
(1437, 5, 'JU-0730', '2022-10-26', '1458', '', '8537000', '0'),
(1438, 54, 'JU-0730', '2022-10-27', '1459', '', '0', '8537000'),
(1439, 71, 'JU-0731', '2022-10-27', '1460', '', '284000', '0'),
(1440, 5, 'JU-0731', '2022-10-27', '1461', '', '0', '284000'),
(1441, 70, 'JU-0732', '2022-10-27', '1462', '', '800000', '0'),
(1442, 5, 'JU-0732', '2022-10-27', '1463', '', '0', '800000'),
(1443, 71, 'JU-0733', '2022-10-27', '1464', '', '200000', '0'),
(1444, 5, 'JU-0733', '2022-10-28', '1465', '', '0', '200000'),
(1445, 5, 'JU-0734', '2022-10-28', '1466', '', '2147000', '0'),
(1446, 54, 'JU-0734', '2022-10-28', '1467', '', '0', '2147000'),
(1447, 70, 'JU-0735', '2022-10-28', '1468', '', '700000', '0'),
(1448, 5, 'JU-0735', '2022-10-29', '1469', '', '0', '700000'),
(1449, 62, 'JU-0736', '2022-10-28', '1470', '', '237500', '0'),
(1450, 5, 'JU-0736', '2022-10-31', '1471', '', '0', '237500'),
(1451, 64, 'JU-0737', '2022-10-31', '1472', '', '50000', '0'),
(1452, 5, 'JU-0737', '2022-10-31', '1473', '', '0', '50000'),
(1453, 63, 'JU-0738', '2022-10-31', '1474', '', '1200000', '0'),
(1454, 5, 'JU-0738', '2022-10-31', '1475', '', '0', '1200000'),
(1455, 72, 'JU-0739', '2022-10-31', '1476', '', '1929575', '0'),
(1456, 5, 'JU-0739', '2022-10-31', '1477', '', '0', '1929575'),
(1457, 68, 'JU-0740', '2022-10-31', '1478', '', '1500000', '0'),
(1458, 5, 'JU-0740', '2022-10-31', '1479', '', '0', '1500000'),
(1459, 69, 'JU-0741', '2022-10-31', '1480', '', '687500', '0'),
(1460, 5, 'JU-0741', '2022-10-31', '1481', '', '0', '687500'),
(1461, 51, 'JU-0742', '2022-10-31', '1482', '', '2307065', '0'),
(1462, 5, 'JU-0742', '2022-10-31', '1483', '', '0', '2307065'),
(1463, 70, 'JU-0743', '2022-10-31', '1484', '', '2900000', '0'),
(1464, 5, 'JU-0743', '2022-10-31', '1485', '', '0', '2900000'),
(1465, 70, 'JU-0744', '2022-10-31', '1486', '', '6000000', '0'),
(1466, 5, 'JU-0744', '2022-10-31', '1487', '', '0', '6000000'),
(1467, 5, 'JU-0745', '2022-10-31', '1488', '', '1275000', '0'),
(1468, 54, 'JU-0745', '2022-10-31', '1489', '', '0', '1275000'),
(1469, 71, 'JU-0746', '2022-10-31', '1490', '', '198500', '0'),
(1470, 5, 'JU-0746', '2022-10-31', '1491', '', '0', '198500'),
(1471, 5, 'JU-0747', '2022-10-31', '1492', '', '1484100', '0'),
(1472, 54, 'JU-0747', '2022-10-31', '1493', '', '0', '1484100'),
(1473, 5, 'JU-0748', '2022-10-31', '1494', '', '102400000', '0'),
(1474, 54, 'JU-0748', '2022-10-31', '1495', '', '0', '102400000'),
(1475, 5, 'JU-0749', '2022-10-31', '1496', '', '10232300', '0'),
(1476, 54, 'JU-0749', '2022-10-31', '1497', '', '0', '10232300'),
(1477, 5, 'JU-0750', '2022-10-31', '1498', '', '168822910', '0'),
(1478, 54, 'JU-0750', '2022-10-31', '1499', '', '0', '168822910'),
(1479, 5, 'JU-0751', '2022-10-31', '1500', '', '1341000', '0'),
(1480, 54, 'JU-0751', '2022-10-31', '1501', '', '0', '1341000'),
(1481, 72, 'JU-0752', '2022-10-31', '1502', '', '10000000', '0'),
(1482, 5, 'JU-0752', '2022-10-31', '1503', '', '0', '10000000'),
(1483, 59, 'JU-0753', '2022-10-31', '1504', '', '59520865', '0'),
(1484, 5, 'JU-0753', '2022-10-31', '1505', '', '0', '59520865'),
(1485, 59, 'JU-0754', '2022-10-31', '1506', '', '18020865', '0'),
(1486, 5, 'JU-0754', '2022-10-31', '1507', '', '0', '18020865'),
(1487, 59, 'JU-0755', '2022-10-31', '1508', '', '30272730', '0'),
(1488, 5, 'JU-0755', '2022-11-01', '1509', '', '0', '30272730'),
(1489, 5, 'JU-0756', '2022-11-01', '1510', '', '8600000', '0'),
(1490, 54, 'JU-0756', '2022-11-02', '1511', '', '0', '8600000'),
(1491, 72, 'JU-0756', '2022-11-02', '1512', '', '100000', '0'),
(1492, 5, 'JU-0756', '2022-11-03', '1513', '', '0', '100000'),
(1493, 70, 'JU-0757', '2022-11-03', '1514', '', '350000', '0'),
(1494, 5, 'JU-0757', '2022-11-03', '1515', '', '0', '350000'),
(1495, 63, 'JU-0758', '2022-11-03', '1516', '', '12244508', '0'),
(1496, 5, 'JU-0758', '2022-11-03', '1517', '', '0', '12244508'),
(1497, 64, 'JU-0759', '2022-11-03', '1518', '', '363000', '0'),
(1498, 5, 'JU-0759', '2022-11-04', '1519', '', '0', '363000'),
(1499, 59, 'JU-0760', '2022-11-04', '1520', '', '111760', '0'),
(1500, 5, 'JU-0760', '2022-11-05', '1521', '', '0', '111760'),
(1501, 72, 'JU-0761', '2022-11-05', '1522', '', '100000', '0'),
(1502, 5, 'JU-0761', '2022-11-05', '1523', '', '0', '100000'),
(1503, 64, 'JU-0762', '2022-11-05', '1524', '', '186675', '0'),
(1504, 5, 'JU-0762', '2022-11-05', '1525', '', '0', '186675'),
(1505, 71, 'JU-0763', '2022-11-05', '1526', '', '541500', '0'),
(1506, 5, 'JU-0763', '2022-11-05', '1527', '', '0', '541500'),
(1507, 70, 'JU-0764', '2022-11-05', '1528', '', '600000', '0'),
(1508, 5, 'JU-0764', '2022-11-05', '1529', '', '0', '600000'),
(1509, 5, 'JU-0765', '2022-11-05', '1530', '', '4300000', '0'),
(1510, 54, 'JU-0765', '2022-11-07', '1531', '', '0', '4300000'),
(1511, 51, 'JU-0766', '2022-11-07', '1532', '', '1940566', '0'),
(1512, 5, 'JU-0766', '2022-11-07', '1533', '', '0', '1940566'),
(1513, 70, 'JU-0767', '2022-11-07', '1534', '', '272500', '0'),
(1514, 5, 'JU-0767', '2022-11-07', '1535', '', '0', '272500'),
(1515, 63, 'JU-0768', '2022-11-07', '1536', '', '2118116', '0'),
(1516, 5, 'JU-0768', '2022-11-07', '1537', '', '0', '2118116'),
(1517, 71, 'JU-0769', '2022-11-07', '1538', '', '392500', '0'),
(1518, 5, 'JU-0769', '2022-11-08', '1539', '', '0', '392500'),
(1519, 70, 'JU-0770', '2022-11-08', '1540', '', '2173925', '0'),
(1520, 5, 'JU-0770', '2022-11-08', '1541', '', '0', '2173925'),
(1521, 5, 'JU-0771', '2022-11-08', '1542', '', '7470000', '0'),
(1522, 54, 'JU-0771', '2022-11-09', '1543', '', '0', '7470000'),
(1523, 43, 'JU-0772', '2022-11-09', '1544', '', '1500000', '0'),
(1524, 5, 'JU-0772', '2022-11-09', '1545', '', '0', '1500000'),
(1525, 70, 'JU-0773', '2022-11-09', '1546', '', '740000', '0'),
(1526, 5, 'JU-0773', '2022-11-09', '1547', '', '0', '740000'),
(1527, 63, 'JU-0774', '2022-11-09', '1548', '', '4900000', '0'),
(1528, 5, 'JU-0774', '2022-11-09', '1549', '', '0', '4900000'),
(1529, 71, 'JU-0775', '2022-11-09', '1550', '', '3025000', '0'),
(1530, 5, 'JU-0775', '2022-11-10', '1551', '', '0', '3025000'),
(1531, 70, 'JU-0776', '2022-11-10', '1552', '', '4250000', '0'),
(1532, 5, 'JU-0776', '2022-11-10', '1553', '', '0', '4250000'),
(1533, 70, 'JU-0777', '2022-11-10', '1554', '', '42000', '0'),
(1534, 5, 'JU-0777', '2022-11-12', '1555', '', '0', '42000'),
(1535, 72, 'JU-0778', '2022-11-12', '1556', '', '4417000', '0'),
(1536, 5, 'JU-0778', '2022-11-12', '1557', '', '0', '4417000'),
(1537, 71, 'JU-0779', '2022-11-12', '1558', '', '2584000', '0'),
(1538, 5, 'JU-0779', '2022-11-12', '1559', '', '0', '2584000'),
(1539, 70, 'JU-0780', '2022-11-12', '1560', '', '610000', '0'),
(1540, 5, 'JU-0780', '2022-11-12', '1561', '', '0', '610000'),
(1541, 72, 'JU-0781', '2022-11-12', '1562', '', '140000', '0'),
(1542, 5, 'JU-0781', '2022-11-14', '1563', '', '0', '140000'),
(1543, 71, 'JU-0782', '2022-11-14', '1564', '', '890000', '0'),
(1544, 5, 'JU-0782', '2022-11-14', '1565', '', '0', '890000'),
(1545, 70, 'JU-0783', '2022-11-14', '1566', '', '670000', '0'),
(1546, 5, 'JU-0783', '2022-11-14', '1567', '', '0', '670000'),
(1547, 63, 'JU-0785', '2022-11-14', '1570', '', '350000', '0'),
(1548, 5, 'JU-0785', '2022-11-15', '1571', '', '0', '350000'),
(1549, 70, 'JU-0786', '2022-11-15', '1572', '', '590000', '0'),
(1550, 5, 'JU-0786', '2022-11-16', '1573', '', '0', '590000'),
(1551, 63, 'JU-0787', '2022-11-16', '1574', '', '1500000', '0'),
(1552, 5, 'JU-0787', '2022-11-16', '1575', '', '0', '1500000'),
(1553, 43, 'JU-0788', '2022-11-16', '1576', '', '100000', '0'),
(1554, 5, 'JU-0788', '2022-11-17', '1577', '', '0', '100000'),
(1555, 72, 'JU-0789', '2022-11-17', '1578', '', '110000', '0'),
(1556, 5, 'JU-0789', '2022-11-17', '1579', '', '0', '110000'),
(1557, 64, 'JU-0790', '2022-11-17', '1580', '', '80000', '0'),
(1558, 5, 'JU-0790', '2022-11-17', '1581', '', '0', '80000'),
(1559, 70, 'JU-0791', '2022-11-17', '1582', '', '1050000', '0'),
(1560, 5, 'JU-0791', '2022-11-17', '1583', '', '0', '1050000'),
(1561, 62, 'JU-0792', '2022-11-17', '1584', '', '180000', '0'),
(1562, 5, 'JU-0792', '2022-11-18', '1585', '', '0', '180000'),
(1563, 63, 'JU-0793', '2022-11-18', '1586', '', '1234000', '0'),
(1564, 5, 'JU-0793', '2022-11-18', '1587', '', '0', '1234000'),
(1565, 5, 'JU-0794', '2022-11-18', '1588', '', '27275000', '0'),
(1566, 54, 'JU-0794', '2022-11-19', '1589', '', '0', '27275000'),
(1567, 64, 'JU-0795', '2022-11-19', '1590', '', '454425', '0'),
(1568, 5, 'JU-0795', '2022-11-19', '1591', '', '0', '454425'),
(1569, 70, 'JU-0796', '2022-11-19', '1592', '', '4845189', '0'),
(1570, 5, 'JU-0796', '2022-11-19', '1593', '', '0', '4845189'),
(1571, 63, 'JU-0797', '2022-11-19', '1594', '', '2000000', '0'),
(1572, 5, 'JU-0797', '2022-11-19', '1595', '', '0', '2000000'),
(1573, 63, 'JU-0798', '2022-11-19', '1596', '', '5236238', '0'),
(1574, 5, 'JU-0798', '2022-11-21', '1597', '', '0', '5236238'),
(1575, 70, 'JU-0799', '2022-11-21', '1598', '', '115000', '0'),
(1576, 5, 'JU-0799', '2022-11-21', '1599', '', '0', '115000'),
(1577, 71, 'JU-0800', '2022-11-21', '1600', '', '260000', '0'),
(1578, 5, 'JU-0800', '2022-11-21', '1601', '', '0', '260000'),
(1579, 59, 'JU-0801', '2022-11-21', '1602', '', '58476825', '0'),
(1580, 5, 'JU-0801', '2022-11-21', '1603', '', '0', '58476825'),
(1581, 5, 'JU-0802', '2022-11-21', '1604', '', '8500000', '0'),
(1582, 54, 'JU-0802', '2022-11-21', '1605', '', '0', '8500000'),
(1583, 59, 'JU-0803', '2022-11-21', '1606', '', '89772750', '0'),
(1584, 5, 'JU-0803', '2022-11-22', '1607', '', '0', '89772750'),
(1585, 5, 'JU-0804', '2022-11-22', '1608', '', '187640000', '0'),
(1586, 54, 'JU-0804', '2022-11-22', '1609', '', '0', '187640000'),
(1587, 5, 'JU-0805', '2022-11-22', '1610', '', '113700000', '0'),
(1588, 54, 'JU-0805', '2022-11-22', '1611', '', '0', '113700000'),
(1589, 5, 'JU-0806', '2022-11-22', '1612', '', '202388873', '0'),
(1590, 54, 'JU-0806', '2022-11-22', '1613', '', '0', '202388873'),
(1591, 5, 'JU-0807', '2022-11-22', '1614', '', '1223500', '0'),
(1592, 54, 'JU-0807', '2022-11-22', '1615', '', '0', '1223500'),
(1593, 59, 'JU-0808', '2022-11-22', '1616', '', '89772750', '0'),
(1594, 5, 'JU-0808', '2022-11-22', '1617', '', '0', '89772750'),
(1595, 72, 'JU-0809', '2022-11-22', '1618', '', '110000', '0'),
(1596, 5, 'JU-0809', '2022-11-23', '1619', '', '0', '110000'),
(1597, 70, 'JU-0810', '2022-11-23', '1620', '', '1087000', '0'),
(1598, 5, 'JU-0810', '2022-11-23', '1621', '', '0', '1087000'),
(1599, 70, 'JU-0811', '2022-11-23', '1622', '', '78000', '0'),
(1600, 5, 'JU-0811', '2022-11-24', '1623', '', '0', '78000'),
(1601, 47, 'JU-0812', '2022-11-24', '1624', '', '4500000', '0'),
(1602, 5, 'JU-0812', '2022-11-24', '1625', '', '0', '4500000'),
(1603, 63, 'JU-0813', '2022-11-24', '1626', '', '4236232', '0');
INSERT INTO `jurnal_umum` (`id`, `id_perkiraan_akun`, `kode_transaksi`, `tanggal`, `no_transaksi`, `keterangan`, `debit`, `kredit`) VALUES
(1604, 5, 'JU-0813', '2022-11-25', '1627', '', '0', '4236232'),
(1605, 43, 'JU-0814', '2022-11-25', '1628', '', '150000', '0'),
(1606, 5, 'JU-0814', '2022-11-25', '1629', '', '0', '150000'),
(1607, 62, 'JU-0815', '2022-11-25', '1630', '', '932000', '0'),
(1608, 5, 'JU-0815', '2022-11-26', '1631', '', '0', '932000'),
(1609, 63, 'JU-0816', '2022-11-26', '1632', '', '2000000', '0'),
(1610, 5, 'JU-0816', '2022-11-26', '1633', '', '0', '2000000'),
(1611, 59, 'JU-0817', '2022-11-26', '1634', '', '4537500', '0'),
(1612, 5, 'JU-0817', '2022-11-28', '1635', '', '0', '4537500'),
(1613, 72, 'JU-0818', '2022-11-28', '1636', '', '5596750', '0'),
(1614, 5, 'JU-0818', '2022-11-28', '1637', '', '0', '5596750'),
(1615, 71, 'JU-0819', '2022-11-28', '1638', '', '284000', '0'),
(1616, 5, 'JU-0819', '2022-11-28', '1639', '', '0', '284000'),
(1617, 59, 'JU-0820', '2022-11-28', '1640', '', '2131345', '0'),
(1618, 5, 'JU-0820', '2022-11-29', '1641', '', '0', '2131345'),
(1619, 62, 'JU-0821', '2022-11-29', '1642', '', '754500', '0'),
(1620, 5, 'JU-0821', '2022-11-29', '1643', '', '0', '754500'),
(1621, 63, 'JU-0822', '2022-11-29', '1644', '', '2458350', '0'),
(1622, 5, 'JU-0822', '2022-11-29', '1645', '', '0', '2458350'),
(1623, 68, 'JU-0823', '2022-11-29', '1646', '', '1500000', '0'),
(1624, 5, 'JU-0823', '2022-11-30', '1647', '', '0', '1500000'),
(1625, 69, 'JU-0824', '2022-11-30', '1648', '', '687500', '0'),
(1626, 5, 'JU-0824', '2022-11-30', '1649', '', '0', '687500'),
(1627, 70, 'JU-0825', '2022-11-30', '1650', '', '1043000', '0'),
(1628, 5, 'JU-0825', '2022-11-30', '1651', '', '0', '1043000'),
(1629, 72, 'JU-0826', '2022-11-30', '1652', '', '1940566', '0'),
(1630, 5, 'JU-0826', '2022-11-30', '1653', '', '0', '1940566'),
(1631, 72, 'JU-0827', '2022-11-30', '1654', '', '10000000', '0'),
(1632, 5, 'JU-0827', '2022-11-30', '1655', '', '0', '10000000'),
(1633, 72, 'JU-0828', '2022-11-30', '1656', '', '4620562', '0'),
(1634, 5, 'JU-0828', '2022-11-30', '1657', '', '0', '4620562'),
(1635, 59, 'JU-0829', '2022-11-30', '1658', '', '11079576', '0'),
(1636, 5, 'JU-0829', '2022-12-01', '1659', '', '0', '11079576'),
(1637, 70, 'JU-0830', '2022-12-01', '1660', '', '198000', '0'),
(1638, 5, 'JU-0830', '2022-12-01', '1661', '', '0', '198000'),
(1639, 5, 'JU-0831', '2022-12-01', '1662', '', '6587500', '0'),
(1640, 54, 'JU-0831', '2022-12-02', '1663', '', '0', '6587500'),
(1641, 59, 'JU-0832', '2022-12-02', '1664', '', '17230000', '0'),
(1642, 5, 'JU-0832', '2022-12-02', '1665', '', '0', '17230000'),
(1643, 68, 'JU-0833', '2022-12-02', '1666', '', '1500000', '0'),
(1644, 5, 'JU-0833', '2022-12-02', '1667', '', '0', '1500000'),
(1645, 69, 'JU-0834', '2022-12-02', '1668', '', '832500', '0'),
(1646, 5, 'JU-0834', '2022-12-02', '1669', '', '0', '832500'),
(1647, 43, 'JU-0835', '2022-12-02', '1670', '', '97000', '0'),
(1648, 5, 'JU-0835', '2022-12-02', '1671', '', '0', '97000'),
(1649, 62, 'JU-0836', '2022-12-02', '1672', '', '350000', '0'),
(1650, 5, 'JU-0836', '2022-12-02', '1673', '', '0', '350000'),
(1651, 63, 'JU-0837', '2022-12-02', '1674', '', '14208116', '0'),
(1652, 5, 'JU-0837', '2022-12-02', '1675', '', '0', '14208116'),
(1653, 59, 'JU-0838', '2022-12-02', '1676', '', '55430000', '0'),
(1654, 5, 'JU-0838', '2022-12-03', '1677', '', '0', '55430000'),
(1655, 71, 'JU-0839', '2022-12-03', '1678', '', '299212', '0'),
(1656, 5, 'JU-0839', '2022-12-03', '1679', '', '0', '299212'),
(1657, 70, 'JU-0840', '2022-12-03', '1680', '', '1625000', '0'),
(1658, 5, 'JU-0840', '2022-12-03', '1681', '', '0', '1625000'),
(1659, 63, 'JU-0841', '2022-12-03', '1682', '', '2500000', '0'),
(1660, 5, 'JU-0841', '2022-12-03', '1683', '', '0', '2500000'),
(1661, 59, 'JU-0842', '2022-12-03', '1684', '', '30272755', '0'),
(1662, 5, 'JU-0842', '2022-12-05', '1685', '', '0', '30272755'),
(1663, 72, 'JU-0843', '2022-12-05', '1686', '', '50000', '0'),
(1664, 5, 'JU-0843', '2022-12-05', '1687', '', '0', '50000'),
(1665, 64, 'JU-0844', '2022-12-05', '1688', '', '22000', '0'),
(1666, 5, 'JU-0844', '2022-12-05', '1689', '', '0', '22000'),
(1667, 71, 'JU-0845', '2022-12-05', '1690', '', '1171700', '0'),
(1668, 5, 'JU-0845', '2022-12-05', '1691', '', '0', '1171700'),
(1669, 63, 'JU-0846', '2022-12-05', '1692', '', '1234000', '0'),
(1670, 5, 'JU-0846', '2022-12-05', '1693', '', '0', '1234000'),
(1671, 5, 'JU-0847', '2022-12-05', '1694', '', '10000000', '0'),
(1672, 54, 'JU-0847', '2022-12-06', '1695', '', '0', '10000000'),
(1673, 59, 'JU-0848', '2022-12-06', '1696', '', '116782279', '0'),
(1674, 5, 'JU-0848', '2022-12-06', '1697', '', '0', '116782279'),
(1675, 64, 'JU-0849', '2022-12-06', '1698', '', '705000', '0'),
(1676, 5, 'JU-0849', '2022-12-06', '1699', '', '0', '705000'),
(1677, 71, 'JU-0850', '2022-12-06', '1700', '', '4600000', '0'),
(1678, 5, 'JU-0850', '2022-12-06', '1701', '', '0', '4600000'),
(1679, 70, 'JU-0851', '2022-12-06', '1702', '', '750000', '0'),
(1680, 5, 'JU-0851', '2022-12-06', '1703', '', '0', '750000'),
(1681, 59, 'JU-0852', '2022-12-06', '1704', '', '10736000', '0'),
(1682, 5, 'JU-0852', '2022-12-08', '1705', '', '0', '10736000'),
(1683, 72, 'JU-0853', '2022-12-08', '1706', '', '1000000', '0'),
(1684, 5, 'JU-0853', '2022-12-08', '1707', '', '0', '1000000'),
(1685, 64, 'JU-0854', '2022-12-08', '1708', '', '1205500', '0'),
(1686, 5, 'JU-0854', '2022-12-08', '1709', '', '0', '1205500'),
(1687, 71, 'JU-0855', '2022-12-08', '1710', '', '274000', '0'),
(1688, 5, 'JU-0855', '2022-12-08', '1711', '', '0', '274000'),
(1689, 70, 'JU-0856', '2022-12-08', '1712', '', '200000', '0'),
(1690, 5, 'JU-0856', '2022-12-08', '1713', '', '0', '200000'),
(1691, 43, 'JU-0857', '2022-12-08', '1714', '', '350000', '0'),
(1692, 5, 'JU-0857', '2022-12-09', '1715', '', '0', '350000'),
(1693, 63, 'JU-0858', '2022-12-09', '1716', '', '1500000', '0'),
(1694, 5, 'JU-0858', '2022-12-09', '1717', '', '0', '1500000'),
(1695, 71, 'JU-0859', '2022-12-09', '1718', '', '16800', '0'),
(1696, 5, 'JU-0859', '2022-12-10', '1719', '', '0', '16800'),
(1697, 70, 'JU-0860', '2022-12-10', '1720', '', '166125', '0'),
(1698, 5, 'JU-0860', '2022-12-10', '1721', '', '0', '166125'),
(1699, 70, 'JU-0861', '2022-12-10', '1722', '', '323212', '0'),
(1700, 5, 'JU-0861', '2022-12-10', '1723', '', '0', '323212'),
(1701, 64, 'JU-0862', '2022-12-10', '1724', '', '25500', '0'),
(1702, 5, 'JU-0862', '2022-12-12', '1725', '', '0', '25500'),
(1703, 70, 'JU-0863', '2022-12-12', '1726', '', '293100', '0'),
(1704, 5, 'JU-0863', '2022-12-12', '1727', '', '0', '293100'),
(1705, 5, 'JU-0864', '2022-12-12', '1728', '', '4300000', '0'),
(1706, 54, 'JU-0864', '2022-12-13', '1729', '', '0', '4300000'),
(1707, 72, 'JU-0865', '2022-12-13', '1730', '', '110000', '0'),
(1708, 5, 'JU-0865', '2022-12-13', '1731', '', '0', '110000'),
(1709, 70, 'JU-0866', '2022-12-13', '1732', '', '200000', '0'),
(1710, 5, 'JU-0866', '2022-12-13', '1733', '', '0', '200000'),
(1711, 5, 'JU-0867', '2022-12-13', '1734', '', '4300000', '0'),
(1712, 54, 'JU-0867', '2022-12-14', '1735', '', '0', '4300000'),
(1713, 59, 'JU-0868', '2022-12-14', '1736', '', '350000', '0'),
(1714, 5, 'JU-0868', '2022-12-14', '1737', '', '0', '350000'),
(1715, 64, 'JU-0869', '2022-12-14', '1738', '', '22000', '0'),
(1716, 5, 'JU-0869', '2022-12-14', '1739', '', '0', '22000'),
(1717, 63, 'JU-0870', '2022-12-14', '1740', '', '2000000', '0'),
(1718, 5, 'JU-0870', '2022-12-14', '1741', '', '0', '2000000'),
(1719, 70, 'JU-0871', '2022-12-14', '1742', '', '216000', '0'),
(1720, 5, 'JU-0871', '2022-12-15', '1743', '', '0', '216000'),
(1721, 70, 'JU-0872', '2022-12-15', '1744', '', '550000', '0'),
(1722, 5, 'JU-0872', '2022-12-15', '1745', '', '0', '550000'),
(1723, 63, 'JU-0873', '2022-12-15', '1746', '', '2500000', '0'),
(1724, 5, 'JU-0873', '2022-12-15', '1747', '', '0', '2500000'),
(1725, 5, 'JU-0874', '2022-12-15', '1748', '', '3375000', '0'),
(1726, 54, 'JU-0874', '2022-12-16', '1749', '', '0', '3375000'),
(1727, 62, 'JU-0875', '2022-12-16', '1750', '', '278000', '0'),
(1728, 5, 'JU-0875', '2022-12-16', '1751', '', '0', '278000'),
(1729, 71, 'JU-0876', '2022-12-16', '1752', '', '986700', '0'),
(1730, 5, 'JU-0876', '2022-12-16', '1753', '', '0', '986700'),
(1731, 70, 'JU-0877', '2022-12-16', '1754', '', '500000', '0'),
(1732, 5, 'JU-0877', '2022-12-16', '1755', '', '0', '500000'),
(1733, 63, 'JU-0878', '2022-12-16', '1756', '', '1500000', '0'),
(1734, 5, 'JU-0878', '2022-12-16', '1757', '', '0', '1500000'),
(1735, 59, 'JU-0879', '2022-12-16', '1758', '', '5400000', '0'),
(1736, 5, 'JU-0879', '2022-12-17', '1759', '', '0', '5400000'),
(1737, 70, 'JU-0880', '2022-12-17', '1760', '', '200000', '0'),
(1738, 5, 'JU-0880', '2022-12-17', '1761', '', '0', '200000'),
(1739, 59, 'JU-0881', '2022-12-17', '1762', '', '27500000', '0'),
(1740, 5, 'JU-0881', '2022-12-18', '1763', '', '0', '27500000'),
(1741, 5, 'JU-0882', '2022-12-18', '1764', '', '31075000', '0'),
(1742, 54, 'JU-0882', '2022-12-19', '1765', '', '0', '31075000'),
(1743, 72, 'JU-0883', '2022-12-19', '1766', '', '2025000', '0'),
(1744, 5, 'JU-0883', '2022-12-19', '1767', '', '0', '2025000'),
(1745, 64, 'JU-0884', '2022-12-19', '1768', '', '73000', '0'),
(1746, 5, 'JU-0884', '2022-12-19', '1769', '', '0', '73000'),
(1747, 62, 'JU-0885', '2022-12-19', '1770', '', '260000', '0'),
(1748, 5, 'JU-0885', '2022-12-19', '1771', '', '0', '260000'),
(1749, 71, 'JU-0886', '2022-12-19', '1772', '', '511500', '0'),
(1750, 5, 'JU-0886', '2022-12-19', '1773', '', '0', '511500'),
(1751, 70, 'JU-0887', '2022-12-19', '1774', '', '37000', '0'),
(1752, 5, 'JU-0887', '2022-12-19', '1775', '', '0', '37000'),
(1753, 63, 'JU-0888', '2022-12-19', '1776', '', '2000000', '0'),
(1754, 5, 'JU-0888', '2022-12-19', '1777', '', '0', '2000000'),
(1755, 5, 'JU-0889', '2022-12-19', '1778', '', '79040500', '0'),
(1756, 54, 'JU-0889', '2022-12-20', '1779', '', '0', '79040500'),
(1757, 64, 'JU-0890', '2022-12-20', '1780', '', '392500', '0'),
(1758, 5, 'JU-0890', '2022-12-20', '1781', '', '0', '392500'),
(1759, 63, 'JU-0891', '2022-12-20', '1782', '', '4370910', '0'),
(1760, 5, 'JU-0891', '2022-12-20', '1783', '', '0', '4370910'),
(1761, 5, 'JU-0892', '2022-12-20', '1784', '', '28790000', '0'),
(1762, 54, 'JU-0892', '2022-12-21', '1785', '', '0', '28790000'),
(1763, 62, 'JU-0893', '2022-12-21', '1786', '', '340000', '0'),
(1764, 5, 'JU-0893', '2022-12-21', '1787', '', '0', '340000'),
(1765, 70, 'JU-0894', '2022-12-21', '1788', '', '1750000', '0'),
(1766, 5, 'JU-0894', '2022-12-21', '1789', '', '0', '1750000'),
(1767, 70, 'JU-0895', '2022-12-21', '1790', '', '1000000', '0'),
(1768, 5, 'JU-0895', '2022-12-21', '1791', '', '0', '1000000'),
(1769, 5, 'JU-0896', '2022-12-21', '1792', '', '43861000', '0'),
(1770, 54, 'JU-0896', '2022-12-22', '1793', '', '0', '43861000'),
(1771, 71, 'JU-0897', '2022-12-22', '1794', '', '274000', '0'),
(1772, 5, 'JU-0897', '2022-12-22', '1795', '', '0', '274000'),
(1773, 70, 'JU-0898', '2022-12-22', '1796', '', '194000', '0'),
(1774, 5, 'JU-0898', '2022-12-22', '1797', '', '0', '194000'),
(1775, 63, 'JU-0899', '2022-12-22', '1798', '', '1000000', '0'),
(1776, 5, 'JU-0899', '2022-12-22', '1799', '', '0', '1000000'),
(1777, 72, 'JU-0900', '2022-12-22', '1800', '', '10000000', '0'),
(1778, 5, 'JU-0900', '2022-12-23', '1801', '', '0', '10000000'),
(1779, 64, 'JU-0901', '2022-12-23', '1802', '', '933500', '0'),
(1780, 5, 'JU-0901', '2022-12-23', '1803', '', '0', '933500'),
(1781, 70, 'JU-0902', '2022-12-23', '1804', '', '100000', '0'),
(1782, 5, 'JU-0902', '2022-12-23', '1805', '', '0', '100000'),
(1783, 43, 'JU-0903', '2022-12-23', '1806', '', '1800000', '0'),
(1784, 5, 'JU-0903', '2022-12-24', '1807', '', '0', '1800000'),
(1785, 72, 'JU-0904', '2022-12-24', '1808', '', '480000', '0'),
(1786, 5, 'JU-0904', '2022-12-24', '1809', '', '0', '480000'),
(1787, 70, 'JU-0905', '2022-12-24', '1810', '', '352467', '0'),
(1788, 5, 'JU-0905', '2022-12-24', '1811', '', '0', '352467'),
(1789, 43, 'JU-0906', '2022-12-24', '1812', '', '22000', '0'),
(1790, 5, 'JU-0906', '2022-12-26', '1813', '', '0', '22000'),
(1791, 71, 'JU-0907', '2022-12-26', '1814', '', '530000', '0'),
(1792, 5, 'JU-0907', '2022-12-26', '1815', '', '0', '530000'),
(1793, 70, 'JU-0908', '2022-12-26', '1816', '', '237000', '0'),
(1794, 5, 'JU-0908', '2022-12-26', '1817', '', '0', '237000'),
(1795, 63, 'JU-0909', '2022-12-26', '1818', '', '4370910', '0'),
(1796, 5, 'JU-0909', '2022-12-26', '1819', '', '0', '4370910'),
(1797, 72, 'JU-0910', '2022-12-26', '1820', '', '15000', '0'),
(1798, 5, 'JU-0910', '2022-12-27', '1821', '', '0', '15000'),
(1799, 71, 'JU-0911', '2022-12-27', '1822', '', '274000', '0'),
(1800, 5, 'JU-0911', '2022-12-27', '1823', '', '0', '274000'),
(1801, 5, 'JU-0912', '2022-12-27', '1824', '', '4730000', '0'),
(1802, 54, 'JU-0912', '2022-12-28', '1825', '', '0', '4730000'),
(1803, 72, 'JU-0913', '2022-12-28', '1826', '', '300000', '0'),
(1804, 5, 'JU-0913', '2022-12-28', '1827', '', '0', '300000'),
(1805, 71, 'JU-0914', '2022-12-28', '1828', '', '287480', '0'),
(1806, 5, 'JU-0914', '2022-12-28', '1829', '', '0', '287480'),
(1807, 70, 'JU-0915', '2022-12-28', '1830', '', '100000', '0'),
(1808, 5, 'JU-0915', '2022-12-28', '1831', '', '0', '100000'),
(1809, 59, 'JU-0916', '2022-12-28', '1832', '', '8180000', '0'),
(1810, 5, 'JU-0916', '2022-12-28', '1833', '', '0', '8180000'),
(1811, 43, 'JU-0918', '2022-12-28', '1836', '', '18000', '0'),
(1812, 5, 'JU-0918', '2022-12-29', '1837', '', '0', '18000'),
(1813, 70, 'JU-0919', '2022-12-29', '1838', '', '198000', '0'),
(1814, 5, 'JU-0919', '2022-12-29', '1839', '', '0', '198000'),
(1815, 5, 'JU-0920', '2022-12-29', '1840', '', '10497500', '0'),
(1816, 54, 'JU-0920', '2022-12-30', '1841', '', '0', '10497500'),
(1817, 72, 'JU-0921', '2022-12-30', '1842', '', '18409859', '0'),
(1818, 5, 'JU-0921', '2022-12-30', '1843', '', '0', '18409859'),
(1819, 62, 'JU-0922', '2022-12-30', '1844', '', '124000', '0'),
(1820, 5, 'JU-0922', '2022-12-30', '1845', '', '0', '124000'),
(1821, 71, 'JU-0923', '2022-12-30', '1846', '', '274000', '0'),
(1822, 5, 'JU-0923', '2022-12-30', '1847', '', '0', '274000'),
(1823, 5, 'JU-0924', '2022-12-30', '1848', '', '114200000', '0'),
(1824, 54, 'JU-0924', '2022-12-31', '1849', '', '0', '114200000'),
(1825, 5, 'JU-0925', '2022-12-31', '1850', '', '313400315', '0'),
(1826, 54, 'JU-0925', '2022-12-31', '1851', '', '0', '313400315'),
(1827, 5, 'JU-0926', '2022-12-31', '1852', '', '1806420', '0'),
(1828, 54, 'JU-0926', '2022-12-31', '1853', '', '0', '1806420'),
(1829, 59, 'JU-0927', '2022-12-31', '1854', '', '143065946', '0'),
(1830, 5, 'JU-0927', '2022-12-31', '1855', '', '0', '143065946'),
(1831, 51, 'JU-0928', '2022-12-31', '1856', '', '2805487', '0'),
(1832, 5, 'JU-0928', '2022-12-31', '1857', '', '0', '2805487');

-- --------------------------------------------------------

--
-- Struktur dari tabel `karyawan`
--

CREATE TABLE `karyawan` (
  `idKaryawan` int(11) UNSIGNED NOT NULL,
  `no_identitas` varchar(30) DEFAULT NULL,
  `nama` varchar(30) DEFAULT NULL,
  `alamat` varchar(30) DEFAULT NULL,
  `bagian` varchar(15) DEFAULT NULL,
  `gaji` varchar(20) DEFAULT NULL
) ENGINE=InnoDB DEFAULT CHARSET=latin1;

--
-- Dumping data untuk tabel `karyawan`
--

INSERT INTO `karyawan` (`idKaryawan`, `no_identitas`, `nama`, `alamat`, `bagian`, `gaji`) VALUES
(1, 'KR-001', 'Husna', 'Kediri', 'Finance & Accou', '2000000');

-- --------------------------------------------------------

--
-- Struktur dari tabel `pembelian_detail`
--

CREATE TABLE `pembelian_detail` (
  `id` int(11) NOT NULL,
  `no_pesanan` varchar(100) NOT NULL,
  `id_produk` varchar(50) DEFAULT NULL,
  `nama_produk` varchar(255) NOT NULL,
  `harga` float NOT NULL,
  `qty` float NOT NULL,
  `diskon_prtg` float NOT NULL,
  `diskon_nilai` float DEFAULT NULL,
  `pajak` float NOT NULL,
  `status1` varchar(100) NOT NULL,
  `status2` varchar(100) NOT NULL,
  `statusInt` float NOT NULL,
  `waktu` datetime NOT NULL
) ENGINE=InnoDB DEFAULT CHARSET=utf8mb4;

--
-- Dumping data untuk tabel `pembelian_detail`
--

INSERT INTO `pembelian_detail` (`id`, `no_pesanan`, `id_produk`, `nama_produk`, `harga`, `qty`, `diskon_prtg`, `diskon_nilai`, `pajak`, `status1`, `status2`, `statusInt`, `waktu`) VALUES
(1, 'PB-00000001', '7', 'Prettywell Fancy Clay Mask', 18000, 300, 0, 0, 0, 'New', '', 0, '2023-07-18 17:36:42'),
(2, 'RJ-00000001', '7', 'Prettywell Fancy Clay Mask', 18000, 20, 0, 0, 0, 'New', '', 0, '2023-07-18 17:40:09'),
(3, 'PB-00000002', '8', 'Prettywell Rare Clay Mask', 18000, 3000, 0.0555556, 30000, 10, 'New', '', 0, '2023-07-26 15:25:25'),
(4, 'PB-00000003', '7', 'Prettywell Fancy Clay Mask', 18000, 200, 0, 0, 0, 'New', '', 0, '2023-07-26 16:20:34');

-- --------------------------------------------------------

--
-- Struktur dari tabel `pembelian_master`
--

CREATE TABLE `pembelian_master` (
  `id` int(11) NOT NULL,
  `no_pesanan` varchar(100) NOT NULL,
  `nama_supplier` varchar(100) NOT NULL,
  `lokasi` varchar(100) NOT NULL,
  `tanggal_pesanan` date DEFAULT NULL,
  `status` varchar(100) NOT NULL,
  `nilai_bruto` float DEFAULT NULL,
  `diskon` float DEFAULT NULL,
  `pajak` float DEFAULT NULL,
  `nilai` float NOT NULL,
  `keterangan` text NOT NULL,
  `waktu` datetime NOT NULL,
  `status1` varchar(100) NOT NULL,
  `status2` varchar(100) NOT NULL,
  `StatusInt1` float NOT NULL,
  `StatusInt2` float NOT NULL
) ENGINE=InnoDB DEFAULT CHARSET=utf8mb4;

--
-- Dumping data untuk tabel `pembelian_master`
--

INSERT INTO `pembelian_master` (`id`, `no_pesanan`, `nama_supplier`, `lokasi`, `tanggal_pesanan`, `status`, `nilai_bruto`, `diskon`, `pajak`, `nilai`, `keterangan`, `waktu`, `status1`, `status2`, `StatusInt1`, `StatusInt2`) VALUES
(1, 'PB-00000001', 'Supplier', 'Gundang', '2023-07-18', 'Aktif', 5400000, 0, 0, 5400000, 'Restock', '2023-07-18 17:36:42', 'New', 'Trans', 300, 0),
(2, 'RJ-00000001', 'Supplier', 'Gundang', '2023-07-18', 'Aktif', 360000, 0, 0, 360000, 'Retur 20 Produk CCD', '2023-07-18 17:40:09', 'New', 'Retur', 20, 0),
(3, 'PB-00000002', 'Supplier', 'Gundang', '2023-07-26', 'Aktif', 54000000, 30000, 5397000, 59367000, 'Restock Barang', '2023-07-26 15:25:25', 'New', 'Trans', 3000, 0),
(4, 'PB-00000003', 'Supplier', 'Gundang', '2023-07-26', 'Aktif', 3600000, 0, 0, 3600000, 'Restock Feel Alive Toner', '2023-07-26 16:20:34', 'New', 'Trans', 200, 0);

-- --------------------------------------------------------

--
-- Struktur dari tabel `perkiraan_akun`
--

CREATE TABLE `perkiraan_akun` (
  `idPerkiraanAkun` int(11) UNSIGNED NOT NULL,
  `no` varchar(15) DEFAULT NULL,
  `nama` varchar(255) DEFAULT NULL,
  `kelompok` varchar(32) DEFAULT NULL,
  `saldo_awal` varchar(25) DEFAULT NULL
) ENGINE=InnoDB DEFAULT CHARSET=latin1;

--
-- Dumping data untuk tabel `perkiraan_akun`
--

INSERT INTO `perkiraan_akun` (`idPerkiraanAkun`, `no`, `nama`, `kelompok`, `saldo_awal`) VALUES
(5, '1111', 'Kas', 'Aset Lancar', '40000000'),
(40, '1112', 'Kas di Bank', 'Aset Lancar', '25000000'),
(41, '1113', 'Piutang Dagang', 'Aset Lancar', '0'),
(42, '1114', 'Persediaan Barang Dagang', 'Aset Lancar', '150000000'),
(43, '1115', 'Perlengkapan Kantor', 'Aset Lancar', '5000000'),
(44, '1210', 'Tanah', 'Aset Tetap', '123400000'),
(45, '1220', 'Bangunan', 'Aset Tetap', '123400000'),
(46, '1221', 'Akumulasi Penyusutan Bangunan', 'Aset Tetap', '9999972'),
(47, '1230', 'Peralatan Kantor', 'Aset Tetap', '31700000'),
(48, '1231', 'Akumulasi Penyusutan Peralatan', 'Aset Tetap', '10674996'),
(49, '2100', 'Utang Dagang', 'Liabilitas', '0'),
(50, '2200', 'Utang Bank', 'Liabilitas', '218325032'),
(51, '2300', 'Utang Pajak', 'Liabilitas', '0'),
(52, '3100', 'Modal', 'Ekuitas', '412700000'),
(53, '3200', 'Prive', 'Ekuitas', '0'),
(54, '4100', 'Penjualan', 'Pendapatan Penjualan', '0'),
(55, '4110', 'Retur Penjualan', 'Pendapatan Penjualan', '0'),
(56, '4120', 'Potongan Penjualan', 'Pendapatan Penjualan', '0'),
(57, '4200', 'Ikhtisar Laba Rugi', 'Pendapatan Lain Lain', '0'),
(58, '4210', 'Pendapatan Bunga', 'Pendapatan Lain Lain', '0'),
(59, '5100', 'Pembelian', 'Beban Pokok Penjualan', '0'),
(60, '5110', 'Retur Pembelian', 'Beban Pokok Penjualan', '0'),
(61, '5120', 'Potongan Pembelian', 'Beban Pokok Penjualan', '0'),
(62, '5130', 'Beban Angkut Pembelian', 'Beban Pokok Penjualan', '0'),
(63, '5200', 'Beban Gaji Karyawan', 'Beban Penjualan', '0'),
(64, '5210', 'Beban Kirim Penjualan', 'Beban Penjualan', '0'),
(65, '5220', 'Beban Perlengkapan Kantor', 'Beban Penjualan', '0'),
(66, '5240', 'Beban Penyusutan Bangunan', 'Beban Penjualan', '0'),
(67, '5250', 'Beban Penyusutan Peralatan', 'Beban Penjualan', '0'),
(68, '5260', 'Beban Listrik dan Air', 'Beban Penjualan', '0'),
(69, '5270', 'Beban Internet', 'Beban Penjualan', '0'),
(70, '5280', 'Beban Marketing dan Campaign', 'Beban Penjualan', '0'),
(71, '5290', 'Beban Packing', 'Beban Penjualan', '0'),
(72, '5291', 'Beban Lain-lain', 'Beban Penjualan', '0'),
(73, '5300', 'Beban Administrasi dan Umum', 'Beban Administrasi dan Umum', '0'),
(74, '5400', 'Beban Pajak Penghasilan', 'Beban Lain-lain', '0');

-- --------------------------------------------------------

--
-- Struktur dari tabel `retur_penjualan`
--

CREATE TABLE `retur_penjualan` (
  `id` int(11) NOT NULL,
  `no_retur` varchar(100) DEFAULT NULL,
  `no_pesanan` varchar(100) DEFAULT NULL,
  `no_penempatan` varchar(100) DEFAULT NULL,
  `transaksi` varchar(100) DEFAULT NULL,
  `qty_total` float DEFAULT NULL,
  `qty_progres` float DEFAULT NULL,
  `user` varchar(100) DEFAULT NULL,
  `tanggal` date DEFAULT NULL,
  `waktu` datetime DEFAULT NULL
) ENGINE=InnoDB DEFAULT CHARSET=utf8mb4;

-- --------------------------------------------------------

--
-- Struktur dari tabel `rincian`
--

CREATE TABLE `rincian` (
  `id` int(11) UNSIGNED NOT NULL,
  `id_barang` int(10) UNSIGNED NOT NULL,
  `id_data_penjualan` int(11) UNSIGNED DEFAULT NULL,
  `id_data_pembelian` int(11) UNSIGNED DEFAULT NULL,
  `unit` int(11) DEFAULT NULL,
  `harga_satuan` int(25) DEFAULT NULL,
  `harga_total` int(25) DEFAULT NULL,
  `unit_total` int(11) DEFAULT NULL,
  `keterangan` varchar(30) DEFAULT NULL
) ENGINE=InnoDB DEFAULT CHARSET=latin1;

--
-- Dumping data untuk tabel `rincian`
--

INSERT INTO `rincian` (`id`, `id_barang`, `id_data_penjualan`, `id_data_pembelian`, `unit`, `harga_satuan`, `harga_total`, `unit_total`, `keterangan`) VALUES
(132, 9, 73, NULL, 12, 44000, 528000, 488, 'Penjualan');

-- --------------------------------------------------------

--
-- Struktur dari tabel `supplier`
--

CREATE TABLE `supplier` (
  `idSupplier` int(11) UNSIGNED NOT NULL,
  `kode` varchar(20) DEFAULT NULL,
  `nama` varchar(30) DEFAULT NULL,
  `alamat` varchar(30) DEFAULT NULL,
  `no_telp` varchar(15) DEFAULT NULL,
  `email` varchar(20) DEFAULT NULL
) ENGINE=InnoDB DEFAULT CHARSET=latin1;

--
-- Dumping data untuk tabel `supplier`
--

INSERT INTO `supplier` (`idSupplier`, `kode`, `nama`, `alamat`, `no_telp`, `email`) VALUES
(2, 'SUP-001', 'Supplier 1', 'China', '010189201', 'admin@admin.com'),
(3, 'SUP-002', 'Supplier 2', 'Jl. Jendral Sudirman, Surabaya', '0812345678', NULL),
(4, 'SUP-003', 'Supplier 3', 'Surabaya', '087654321234', NULL),
(5, 'SUP-004', 'Supplier 4', 'Jakarta', '081627272727', 'jkt@dasd');

-- --------------------------------------------------------

--
-- Stand-in struktur untuk tampilan `v_pembelian_master`
-- (Lihat di bawah untuk tampilan aktual)
--
CREATE TABLE `v_pembelian_master` (
`id` int(11)
,`no_pesanan` varchar(100)
,`lokasi` varchar(100)
,`nama_supplier` varchar(100)
,`tanggal_pesanan` date
,`status` varchar(100)
,`nilai_bruto` float
,`diskon` float
,`pajak` float
,`nilai` float
,`keterangan` text
,`waktu` datetime
,`status1` varchar(100)
,`status2` varchar(100)
,`StatusInt1` float
,`StatusInt2` float
,`qty` double
);

-- --------------------------------------------------------

--
-- Struktur untuk view `v_pembelian_master`
--
DROP TABLE IF EXISTS `v_pembelian_master`;

CREATE ALGORITHM=UNDEFINED DEFINER=`root`@`localhost` SQL SECURITY DEFINER VIEW `v_pembelian_master`  AS SELECT `pm`.`id` AS `id`, `pm`.`no_pesanan` AS `no_pesanan`, `pm`.`lokasi` AS `lokasi`, `pm`.`nama_supplier` AS `nama_supplier`, `pm`.`tanggal_pesanan` AS `tanggal_pesanan`, `pm`.`status` AS `status`, `pm`.`nilai_bruto` AS `nilai_bruto`, `pm`.`diskon` AS `diskon`, `pm`.`pajak` AS `pajak`, `pm`.`nilai` AS `nilai`, `pm`.`keterangan` AS `keterangan`, `pm`.`waktu` AS `waktu`, `pm`.`status1` AS `status1`, `pm`.`status2` AS `status2`, `pm`.`StatusInt1` AS `StatusInt1`, `pm`.`StatusInt2` AS `StatusInt2`, `pd`.`qty` AS `qty` FROM (`pembelian_master` `pm` left join (select `pembelian_detail`.`no_pesanan` AS `no_pesanan`,sum(`pembelian_detail`.`qty`) AS `qty` from `pembelian_detail` group by `pembelian_detail`.`no_pesanan`) `pd` on(`pm`.`no_pesanan` = `pd`.`no_pesanan`)) ;

--
-- Indexes for dumped tables
--

--
-- Indeks untuk tabel `barang`
--
ALTER TABLE `barang`
  ADD PRIMARY KEY (`idBarang`);

--
-- Indeks untuk tabel `customer`
--
ALTER TABLE `customer`
  ADD PRIMARY KEY (`id`);

--
-- Indeks untuk tabel `data_pembelian`
--
ALTER TABLE `data_pembelian`
  ADD PRIMARY KEY (`idDataPembelian`),
  ADD KEY `data_pembelian_FKIndex1` (`id_supplier`);

--
-- Indeks untuk tabel `data_penjualan`
--
ALTER TABLE `data_penjualan`
  ADD PRIMARY KEY (`idDataPenjualan`),
  ADD KEY `id_customer` (`id_customer`);

--
-- Indeks untuk tabel `gudang_masuk`
--
ALTER TABLE `gudang_masuk`
  ADD PRIMARY KEY (`id`);

--
-- Indeks untuk tabel `jurnal_pembelian`
--
ALTER TABLE `jurnal_pembelian`
  ADD PRIMARY KEY (`id`),
  ADD KEY `jurnal_pembelian_FKIndex1` (`id_data_pembelian`),
  ADD KEY `jurnal_pembelian_FKIndex2` (`id_perkiraan_akun`);

--
-- Indeks untuk tabel `jurnal_penjualan`
--
ALTER TABLE `jurnal_penjualan`
  ADD PRIMARY KEY (`id`),
  ADD KEY `jurnal_penjualan_FKIndex2` (`id_data_penjualan`),
  ADD KEY `jurnal_penjualan` (`id_perkiraan_akun`);

--
-- Indeks untuk tabel `jurnal_penyesuaian`
--
ALTER TABLE `jurnal_penyesuaian`
  ADD PRIMARY KEY (`id`),
  ADD KEY `jurnal_penyesuaian_ibfk_1` (`id_perkiraan_akun`) USING BTREE;

--
-- Indeks untuk tabel `jurnal_umum`
--
ALTER TABLE `jurnal_umum`
  ADD PRIMARY KEY (`id`),
  ADD KEY `jurnal_umum_ibfk_1` (`id_perkiraan_akun`);

--
-- Indeks untuk tabel `karyawan`
--
ALTER TABLE `karyawan`
  ADD PRIMARY KEY (`idKaryawan`);

--
-- Indeks untuk tabel `pembelian_detail`
--
ALTER TABLE `pembelian_detail`
  ADD PRIMARY KEY (`id`);

--
-- Indeks untuk tabel `pembelian_master`
--
ALTER TABLE `pembelian_master`
  ADD PRIMARY KEY (`id`),
  ADD UNIQUE KEY `no_pesanan` (`no_pesanan`);

--
-- Indeks untuk tabel `perkiraan_akun`
--
ALTER TABLE `perkiraan_akun`
  ADD PRIMARY KEY (`idPerkiraanAkun`);

--
-- Indeks untuk tabel `retur_penjualan`
--
ALTER TABLE `retur_penjualan`
  ADD PRIMARY KEY (`id`);

--
-- Indeks untuk tabel `rincian`
--
ALTER TABLE `rincian`
  ADD PRIMARY KEY (`id`),
  ADD KEY `detail_pembelian_FKIndex1` (`id_data_pembelian`),
  ADD KEY `detail_pembelian_FKIndex2` (`id_data_penjualan`),
  ADD KEY `rincian_ibfk_3` (`id_barang`);

--
-- Indeks untuk tabel `supplier`
--
ALTER TABLE `supplier`
  ADD PRIMARY KEY (`idSupplier`);

--
-- AUTO_INCREMENT untuk tabel yang dibuang
--

--
-- AUTO_INCREMENT untuk tabel `barang`
--
ALTER TABLE `barang`
  MODIFY `idBarang` int(10) UNSIGNED NOT NULL AUTO_INCREMENT, AUTO_INCREMENT=10;

--
-- AUTO_INCREMENT untuk tabel `customer`
--
ALTER TABLE `customer`
  MODIFY `id` int(11) UNSIGNED NOT NULL AUTO_INCREMENT, AUTO_INCREMENT=8;

--
-- AUTO_INCREMENT untuk tabel `data_pembelian`
--
ALTER TABLE `data_pembelian`
  MODIFY `idDataPembelian` int(11) UNSIGNED NOT NULL AUTO_INCREMENT, AUTO_INCREMENT=44;

--
-- AUTO_INCREMENT untuk tabel `data_penjualan`
--
ALTER TABLE `data_penjualan`
  MODIFY `idDataPenjualan` int(11) UNSIGNED NOT NULL AUTO_INCREMENT, AUTO_INCREMENT=74;

--
-- AUTO_INCREMENT untuk tabel `gudang_masuk`
--
ALTER TABLE `gudang_masuk`
  MODIFY `id` int(11) NOT NULL AUTO_INCREMENT, AUTO_INCREMENT=5;

--
-- AUTO_INCREMENT untuk tabel `jurnal_pembelian`
--
ALTER TABLE `jurnal_pembelian`
  MODIFY `id` int(11) UNSIGNED NOT NULL AUTO_INCREMENT, AUTO_INCREMENT=76;

--
-- AUTO_INCREMENT untuk tabel `jurnal_penjualan`
--
ALTER TABLE `jurnal_penjualan`
  MODIFY `id` int(11) UNSIGNED NOT NULL AUTO_INCREMENT, AUTO_INCREMENT=120;

--
-- AUTO_INCREMENT untuk tabel `jurnal_penyesuaian`
--
ALTER TABLE `jurnal_penyesuaian`
  MODIFY `id` int(11) UNSIGNED NOT NULL AUTO_INCREMENT, AUTO_INCREMENT=193;

--
-- AUTO_INCREMENT untuk tabel `jurnal_umum`
--
ALTER TABLE `jurnal_umum`
  MODIFY `id` int(11) UNSIGNED NOT NULL AUTO_INCREMENT, AUTO_INCREMENT=1833;

--
-- AUTO_INCREMENT untuk tabel `karyawan`
--
ALTER TABLE `karyawan`
  MODIFY `idKaryawan` int(11) UNSIGNED NOT NULL AUTO_INCREMENT, AUTO_INCREMENT=3;

--
-- AUTO_INCREMENT untuk tabel `pembelian_detail`
--
ALTER TABLE `pembelian_detail`
  MODIFY `id` int(11) NOT NULL AUTO_INCREMENT, AUTO_INCREMENT=5;

--
-- AUTO_INCREMENT untuk tabel `pembelian_master`
--
ALTER TABLE `pembelian_master`
  MODIFY `id` int(11) NOT NULL AUTO_INCREMENT, AUTO_INCREMENT=5;

--
-- AUTO_INCREMENT untuk tabel `perkiraan_akun`
--
ALTER TABLE `perkiraan_akun`
  MODIFY `idPerkiraanAkun` int(11) UNSIGNED NOT NULL AUTO_INCREMENT, AUTO_INCREMENT=79;

--
-- AUTO_INCREMENT untuk tabel `retur_penjualan`
--
ALTER TABLE `retur_penjualan`
  MODIFY `id` int(11) NOT NULL AUTO_INCREMENT;

--
-- AUTO_INCREMENT untuk tabel `rincian`
--
ALTER TABLE `rincian`
  MODIFY `id` int(11) UNSIGNED NOT NULL AUTO_INCREMENT, AUTO_INCREMENT=133;

--
-- AUTO_INCREMENT untuk tabel `supplier`
--
ALTER TABLE `supplier`
  MODIFY `idSupplier` int(11) UNSIGNED NOT NULL AUTO_INCREMENT, AUTO_INCREMENT=10;

--
-- Ketidakleluasaan untuk tabel pelimpahan (Dumped Tables)
--

--
-- Ketidakleluasaan untuk tabel `data_pembelian`
--
ALTER TABLE `data_pembelian`
  ADD CONSTRAINT `data_pembelian_ibfk_1` FOREIGN KEY (`id_supplier`) REFERENCES `supplier` (`idSupplier`) ON DELETE NO ACTION ON UPDATE NO ACTION;

--
-- Ketidakleluasaan untuk tabel `data_penjualan`
--
ALTER TABLE `data_penjualan`
  ADD CONSTRAINT `data_penjualan_ibfk_1` FOREIGN KEY (`id_customer`) REFERENCES `customer` (`id`) ON DELETE NO ACTION ON UPDATE NO ACTION;

--
-- Ketidakleluasaan untuk tabel `jurnal_pembelian`
--
ALTER TABLE `jurnal_pembelian`
  ADD CONSTRAINT `jurnal_pembelian_data_pembelian` FOREIGN KEY (`id_data_pembelian`) REFERENCES `data_pembelian` (`idDataPembelian`) ON DELETE CASCADE ON UPDATE CASCADE,
  ADD CONSTRAINT `jurnal_pembelian_perkiraan_akun` FOREIGN KEY (`id_perkiraan_akun`) REFERENCES `perkiraan_akun` (`idPerkiraanAkun`) ON DELETE CASCADE ON UPDATE CASCADE;

--
-- Ketidakleluasaan untuk tabel `jurnal_penyesuaian`
--
ALTER TABLE `jurnal_penyesuaian`
  ADD CONSTRAINT `jurnal_penyesuaian_ibfk_1` FOREIGN KEY (`id_perkiraan_akun`) REFERENCES `perkiraan_akun` (`idPerkiraanAkun`);

--
-- Ketidakleluasaan untuk tabel `jurnal_umum`
--
ALTER TABLE `jurnal_umum`
  ADD CONSTRAINT `jurnal_umum_ibfk_1` FOREIGN KEY (`id_perkiraan_akun`) REFERENCES `perkiraan_akun` (`idPerkiraanAkun`) ON DELETE CASCADE ON UPDATE CASCADE;

--
-- Ketidakleluasaan untuk tabel `rincian`
--
ALTER TABLE `rincian`
  ADD CONSTRAINT `rincian_ibfk_1` FOREIGN KEY (`id_data_pembelian`) REFERENCES `data_pembelian` (`idDataPembelian`) ON DELETE CASCADE ON UPDATE CASCADE,
  ADD CONSTRAINT `rincian_ibfk_2` FOREIGN KEY (`id_data_penjualan`) REFERENCES `data_penjualan` (`idDataPenjualan`) ON DELETE CASCADE ON UPDATE CASCADE,
  ADD CONSTRAINT `rincian_ibfk_3` FOREIGN KEY (`id_barang`) REFERENCES `barang` (`idBarang`) ON DELETE CASCADE ON UPDATE CASCADE;
COMMIT;

/*!40101 SET CHARACTER_SET_CLIENT=@OLD_CHARACTER_SET_CLIENT */;
/*!40101 SET CHARACTER_SET_RESULTS=@OLD_CHARACTER_SET_RESULTS */;
/*!40101 SET COLLATION_CONNECTION=@OLD_COLLATION_CONNECTION */;
